cohort	sample_key	sample	sample_type	technology	n_spots	reaction	description	metric	mean	median	q25	q75	pct_negative	pct_positive	pct_zero
CRC_VisiumHD	CRC_P1	P1	crc_visiumhd	VisiumHD	26687	EX_lac__L_e	lactate_exchange_negative_is_uptake	meanNormalized	0.016021876933824786	0.014912334566999998	-0.0209099480475	0.053342328293499996	0.39150148012140745	0.6084985198785926	0.0
CRC_VisiumHD	CRC_P1	P1	crc_visiumhd	VisiumHD	26687	EX_lac__L_e	lactate_exchange_negative_is_uptake	meanFlux	16.02187693382478	14.912334567	-20.909948047500002	53.342328293499996	0.39150148012140745	0.6084985198785926	0.0
CRC_VisiumHD	CRC_P1	P1	crc_visiumhd	VisiumHD	26687	EX_glc__D_e	glucose_exchange_negative_is_uptake	meanNormalized	-0.0023648910809198663	-0.0012549302657172336	-0.0037035964165643602	0.0009607942898248397	0.6675160190354854	0.33248398096451454	0.0
CRC_VisiumHD	CRC_P1	P1	crc_visiumhd	VisiumHD	26687	EX_glc__D_e	glucose_exchange_negative_is_uptake	meanFlux	-1.5081737511832727	-0.6986008180000002	-2.8873409399999996	1.7239464379999998	0.6034773485217522	0.39652265147824783	0.0
CRC_VisiumHD	CRC_P1	P1	crc_visiumhd	VisiumHD	26687	EX_o2_e	oxygen_exchange_negative_is_uptake	meanNormalized	-0.22002066527267575	-0.177885515314	-0.3319089056175	-0.1058695713275	1.0	0.0	0.0
CRC_VisiumHD	CRC_P1	P1	crc_visiumhd	VisiumHD	26687	EX_o2_e	oxygen_exchange_negative_is_uptake	meanFlux	-220.02066527267579	-177.88551531399997	-331.90890561750007	-105.86957132750001	1.0	0.0	0.0
CRC_VisiumHD	CRC_P1	P1	crc_visiumhd	VisiumHD	26687	EX_gln__L_e	glutamine_exchange	meanNormalized	-0.13712965585302184	-0.08438510116600001	-0.2269044734635	-0.035694613263	0.9857233859182374	0.014276614081762656	0.0
CRC_VisiumHD	CRC_P1	P1	crc_visiumhd	VisiumHD	26687	EX_gln__L_e	glutamine_exchange	meanFlux	-137.12965585302183	-84.385101166	-226.9044734635	-35.694613263	0.9857233859182374	0.014276614081762656	0.0
CRC_VisiumHD	CRC_P1	P1	crc_visiumhd	VisiumHD	26687	EX_glu__L_e	glutamate_exchange	meanNormalized	-0.011908096379396035	-0.012298417295	-0.03192483504	0.0037190219724999984	0.7125941469629408	0.28740585303705923	0.0
CRC_VisiumHD	CRC_P1	P1	crc_visiumhd	VisiumHD	26687	EX_glu__L_e	glutamate_exchange	meanFlux	-11.908096379396033	-12.298417295	-31.92483504	3.7190219724999993	0.7125941469629408	0.28740585303705923	0.0
CRC_VisiumHD	CRC_P1	P1	crc_visiumhd	VisiumHD	26687	EX_pyr_e	pyruvate_exchange	meanNormalized	0.08444469904361951	0.08164282647400001	0.0430710350775	0.116828445335	0.02776632817476674	0.9722336718252332	0.0
CRC_VisiumHD	CRC_P1	P1	crc_visiumhd	VisiumHD	26687	EX_pyr_e	pyruvate_exchange	meanFlux	84.44469904361952	81.642826474	43.0710350775	116.828445335	0.02776632817476674	0.9722336718252332	0.0
CRC_VisiumHD	CRC_P1	P1	crc_visiumhd	VisiumHD	26687	PYRt2m	pyruvate_transport_to_mitochondria	meanNormalized	-0.014767242062490837	-0.016225088093	-0.032803764643	-0.00016022166849999998	0.7522014463971222	0.2477985536028778	0.0
CRC_VisiumHD	CRC_P1	P1	crc_visiumhd	VisiumHD	26687	PYRt2m	pyruvate_transport_to_mitochondria	meanFlux	-14.767242062490837	-16.225088093	-32.803764642999994	-0.1602216685000002	0.7522014463971222	0.2477985536028778	0.0
CRC_VisiumHD	CRC_P1	P1	crc_visiumhd	VisiumHD	26687	PDHm	pyruvate_dehydrogenase_mitochondrial	meanNormalized	0.0292541140845219	0.021867067386	0.009695031119	0.0478189328155	0.0	1.0	0.0
CRC_VisiumHD	CRC_P1	P1	crc_visiumhd	VisiumHD	26687	PDHm	pyruvate_dehydrogenase_mitochondrial	meanFlux	29.2541140845219	21.867067386	9.695031119	47.818932815500006	0.0	1.0	0.0
CRC_VisiumHD	CRC_P1	P1	crc_visiumhd	VisiumHD	26687	LDH_L	lactate_dehydrogenase_l	meanNormalized	0.016021876933818714	0.014912334566999998	-0.0209099480475	0.053342328293499996	0.39150148012140745	0.6084985198785926	0.0
CRC_VisiumHD	CRC_P1	P1	crc_visiumhd	VisiumHD	26687	LDH_L	lactate_dehydrogenase_l	meanFlux	16.021876933818714	14.912334567	-20.909948047500002	53.342328293499996	0.39150148012140745	0.6084985198785926	0.0
CRC_VisiumHD	CRC_P1	P1	crc_visiumhd	VisiumHD	26687	ASPTA	aspartate_transaminase_cytosol	meanNormalized	0.029677173810563156	0.013625825736000002	-0.000602454611	0.052291773210999995	0.2678457676022033	0.7300183609997377	0.00213587139805898
CRC_VisiumHD	CRC_P1	P1	crc_visiumhd	VisiumHD	26687	ASPTA	aspartate_transaminase_cytosol	meanFlux	29.677173810563158	13.625825736	-0.602454611	52.291773211000006	0.2678457676022033	0.7300183609997377	0.00213587139805898
CRC_VisiumHD	CRC_P1	P1	crc_visiumhd	VisiumHD	26687	ASPTAm	aspartate_transaminase_mitochondria	meanNormalized	0.05143246809919253	0.04648884312	0.0295975596355	0.070838528092	0.0	1.0	0.0
CRC_VisiumHD	CRC_P1	P1	crc_visiumhd	VisiumHD	26687	ASPTAm	aspartate_transaminase_mitochondria	meanFlux	51.432468099192526	46.48884312	29.5975596355	70.83852809200002	0.0	1.0	0.0
CRC_VisiumHD	CRC_P1	P1	crc_visiumhd	VisiumHD	26687	ASPGLUm	aspartate_glutamate_mitochondrial_transport	meanNormalized	0.03920770638185263	0.028366644901	0.013362869468	0.0604473384275	0.0	1.0	0.0
CRC_VisiumHD	CRC_P1	P1	crc_visiumhd	VisiumHD	26687	ASPGLUm	aspartate_glutamate_mitochondrial_transport	meanFlux	39.207706381852624	28.366644900999997	13.362869468	60.4473384275	0.0	1.0	0.0
CRC_VisiumHD	CRC_P1	P1	crc_visiumhd	VisiumHD	26687	ALATA_L	alanine_transaminase	meanNormalized	0.03433865834583764	0.021467134036999996	0.0065097339005	0.0473701594085	0.014314085509798779	0.9833252145239255	0.0023606999662757148
CRC_VisiumHD	CRC_P1	P1	crc_visiumhd	VisiumHD	26687	ALATA_L	alanine_transaminase	meanFlux	34.338658345837636	21.467134037	6.509733900500001	47.3701594085	0.014314085509798779	0.9833252145239255	0.0023606999662757148
CRC_VisiumHD	CRC_P1	P1	crc_visiumhd	VisiumHD	26687	GLUN	glutaminase	meanNormalized	0.04322827223198719	0.026865918441000003	0.009514860838	0.064908653431	0.0	1.0	0.0
CRC_VisiumHD	CRC_P1	P1	crc_visiumhd	VisiumHD	26687	GLUN	glutaminase	meanFlux	43.22827223198718	26.865918440999998	9.514860838	64.90865343099999	0.0	1.0	0.0
CRC_VisiumHD	CRC_P1	P1	crc_visiumhd	VisiumHD	26687	GLUNm	glutaminase_mitochondrial	meanNormalized	0.10028286452255453	0.05999082416699998	0.030823918579500002	0.17045973783449997	0.0	0.9999625285719639	3.747142803612246e-05
CRC_VisiumHD	CRC_P1	P1	crc_visiumhd	VisiumHD	26687	GLUNm	glutaminase_mitochondrial	meanFlux	100.28286452255453	59.990824167	30.823918579500003	170.4597378345	0.0	0.9999625285719639	3.747142803612246e-05
CRC_VisiumHD	CRC_P1	P1	crc_visiumhd	VisiumHD	26687	GLUDym	glutamate_dehydrogenase	meanNormalized	0.11820327397450929	0.112302037788	0.0722364414515	0.15895804502649996	0.007157042754899389	0.9928429572451006	0.0
CRC_VisiumHD	CRC_P1	P1	crc_visiumhd	VisiumHD	26687	GLUDym	glutamate_dehydrogenase	meanFlux	118.2032739745093	112.302037788	72.23644145150001	158.95804502649997	0.007157042754899389	0.9928429572451006	0.0
CRC_VisiumHD	CRC_P1	P1	crc_visiumhd	VisiumHD	26687	AKGDm	alpha_ketoglutarate_dehydrogenase	meanNormalized	0.041436383309565825	0.037560184477	0.021246589857000002	0.0621828940295	0.0	1.0	0.0
CRC_VisiumHD	CRC_P1	P1	crc_visiumhd	VisiumHD	26687	AKGDm	alpha_ketoglutarate_dehydrogenase	meanFlux	41.43638330956581	37.560184477	21.246589857	62.1828940295	0.0	1.0	0.0
CRC_VisiumHD	CRC_P1	P1	crc_visiumhd	VisiumHD	26687	AKGMALtm	akg_malate_transport	meanNormalized	0.11284868240228546	0.082757329353	0.037832588611500004	0.184113481376	0.023569528234721027	0.976430471765279	0.0
CRC_VisiumHD	CRC_P1	P1	crc_visiumhd	VisiumHD	26687	AKGMALtm	akg_malate_transport	meanFlux	112.84868240228546	82.757329353	37.8325886115	184.11348137599998	0.023569528234721027	0.976430471765279	0.0
CRC_VisiumHD	CRC_P1	P1	crc_visiumhd	VisiumHD	26687	MDHm	malate_dehydrogenase_mitochondrial	meanNormalized	0.05663383010602124	0.044682124429000006	0.0263679530025	0.08063975283399999	0.022932513958106943	0.9770674860418931	0.0
CRC_VisiumHD	CRC_P1	P1	crc_visiumhd	VisiumHD	26687	MDHm	malate_dehydrogenase_mitochondrial	meanFlux	56.63383010602125	44.682124429	26.367953002500002	80.639752834	0.022932513958106943	0.9770674860418931	0.0
CRC_VisiumHD	CRC_P1	P1	crc_visiumhd	VisiumHD	26687	MDH	malate_dehydrogenase_cytosol	meanNormalized	-0.022855144809576684	-0.014924936399000001	-0.0386057796175	-0.0023790830340000005	0.8051485742121632	0.19485142578783676	0.0
CRC_VisiumHD	CRC_P1	P1	crc_visiumhd	VisiumHD	26687	MDH	malate_dehydrogenase_cytosol	meanFlux	-22.855144809576682	-14.924936399000002	-38.605779617500005	-2.3790830339999993	0.8051485742121632	0.19485142578783676	0.0
CRC_VisiumHD	CRC_P1	P1	crc_visiumhd	VisiumHD	26687	CSm	citrate_synthase_mitochondrial	meanNormalized	0.0314565090759692	0.017859929565	0.009626417954500002	0.0503812498175	0.0	0.9998501142878555	0.00014988571214448983
CRC_VisiumHD	CRC_P1	P1	crc_visiumhd	VisiumHD	26687	CSm	citrate_synthase_mitochondrial	meanFlux	31.456509075969198	17.859929564999998	9.626417954499999	50.3812498175	0.0	0.9998501142878555	0.00014988571214448983
CRC_VisiumHD	CRC_P1	P1	crc_visiumhd	VisiumHD	26687	Biomass	biomass_synthesis	meanNormalized	0.0022419648693942236	0.0015510792537955372	0.0007769053390306666	0.0031676329143641557	0.0	0.9992880428673137	0.0007119571326863267
CRC_VisiumHD	CRC_P1	P1	crc_visiumhd	VisiumHD	26687	Biomass	biomass_synthesis	meanFlux	0.28992861010589427	0.200583987	0.10046860600000002	0.40963505749999995	0.0	0.9992880428673137	0.0007119571326863267
CRC_VisiumHD	CRC_P1	P1	crc_visiumhd	VisiumHD	26687	ATPS4mi	atp_synthase	meanNormalized	0.09737410226260387	0.07818703327200001	0.036492443167999995	0.1454173036885	0.0	0.9979390714580133	0.002060928541986735
CRC_VisiumHD	CRC_P1	P1	crc_visiumhd	VisiumHD	26687	ATPS4mi	atp_synthase	meanFlux	97.37410226260388	78.18703327199998	36.492443167999994	145.4173036885	0.0	0.9979390714580133	0.002060928541986735
CRC_VisiumHD	CRC_P1	P1	crc_visiumhd	VisiumHD	26687	lac_glc_mean	precomputed_ratio_from_spfba	obs	-56.97636091375383	-27.80447263619967	-56.943999148908745	-13.289889271031026	1.0	0.0	0.0
CRC_VisiumHD	CRC_P1	P1	crc_visiumhd	VisiumHD	26687	o2_glc_mean	precomputed_ratio_from_spfba	obs	189.1270551739406	92.36558956206379	50.819428053471555	171.32372419099403	0.0	1.0	0.0
CRC_VisiumHD	CRC_P1	P1	crc_visiumhd	VisiumHD	26687	o2_lac_mean	precomputed_ratio_from_spfba	obs	-10.217457783654725	-5.605342824613081	-7.81815791457559	-4.214484509868749	1.0	0.0	0.0
CRC_VisiumHD	CRC_P2	P2	crc_visiumhd	VisiumHD	31414	EX_lac__L_e	lactate_exchange_negative_is_uptake	meanNormalized	-0.016434853613209555	-0.009407667960000001	-0.045531871662749995	0.0247076784985	0.5717514483988031	0.4282485516011969	0.0
CRC_VisiumHD	CRC_P2	P2	crc_visiumhd	VisiumHD	31414	EX_lac__L_e	lactate_exchange_negative_is_uptake	meanFlux	-16.434853613209555	-9.407667960000001	-45.53187166275	24.707678498499998	0.5717514483988031	0.4282485516011969	0.0
CRC_VisiumHD	CRC_P2	P2	crc_visiumhd	VisiumHD	31414	EX_glc__D_e	glucose_exchange_negative_is_uptake	meanNormalized	-0.002128402781775076	-0.0009930089354818939	-0.003948113042848127	0.0017763439319694965	0.6063538549691221	0.3934869803272426	0.00015916470363532182
CRC_VisiumHD	CRC_P2	P2	crc_visiumhd	VisiumHD	31414	EX_glc__D_e	glucose_exchange_negative_is_uptake	meanFlux	-1.0850431007437449	-0.2585146199999998	-2.9868741087500004	2.710347960000001	0.531673776023429	0.4681670592729356	0.00015916470363532182
CRC_VisiumHD	CRC_P2	P2	crc_visiumhd	VisiumHD	31414	EX_o2_e	oxygen_exchange_negative_is_uptake	meanNormalized	-0.3165652986459367	-0.312225481714	-0.47975496666275	-0.14278349626124998	1.0	0.0	0.0
CRC_VisiumHD	CRC_P2	P2	crc_visiumhd	VisiumHD	31414	EX_o2_e	oxygen_exchange_negative_is_uptake	meanFlux	-316.56529864593676	-312.225481714	-479.75496666275	-142.78349626124998	1.0	0.0	0.0
CRC_VisiumHD	CRC_P2	P2	crc_visiumhd	VisiumHD	31414	EX_gln__L_e	glutamine_exchange	meanNormalized	-0.16584895038604022	-0.17875323482	-0.24344603947925	-0.08499779017675	0.9913096071815114	0.008690392818488572	0.0
CRC_VisiumHD	CRC_P2	P2	crc_visiumhd	VisiumHD	31414	EX_gln__L_e	glutamine_exchange	meanFlux	-165.8489503860402	-178.75323482000002	-243.44603947925	-84.99779017675	0.9913096071815114	0.008690392818488572	0.0
CRC_VisiumHD	CRC_P2	P2	crc_visiumhd	VisiumHD	31414	EX_glu__L_e	glutamate_exchange	meanNormalized	-0.018054003380987012	-0.0197892878015	-0.0397764973015	0.0027400868704999977	0.7233717450818107	0.2766282549181893	0.0
CRC_VisiumHD	CRC_P2	P2	crc_visiumhd	VisiumHD	31414	EX_glu__L_e	glutamate_exchange	meanFlux	-18.054003380987012	-19.789287801500002	-39.77649730150001	2.7400868704999994	0.7233717450818107	0.2766282549181893	0.0
CRC_VisiumHD	CRC_P2	P2	crc_visiumhd	VisiumHD	31414	EX_pyr_e	pyruvate_exchange	meanNormalized	0.10840388200325063	0.10277865583750001	0.06520532108624999	0.15157624433525002	0.014483988030814287	0.9855160119691857	0.0
CRC_VisiumHD	CRC_P2	P2	crc_visiumhd	VisiumHD	31414	EX_pyr_e	pyruvate_exchange	meanFlux	108.40388200325063	102.77865583750001	65.20532108625	151.57624433525	0.014483988030814287	0.9855160119691857	0.0
CRC_VisiumHD	CRC_P2	P2	crc_visiumhd	VisiumHD	31414	PYRt2m	pyruvate_transport_to_mitochondria	meanNormalized	-0.02523480158803387	-0.024916158174	-0.044821365722999995	-0.0045851199530000004	0.7945183676067995	0.2054816323932005	0.0
CRC_VisiumHD	CRC_P2	P2	crc_visiumhd	VisiumHD	31414	PYRt2m	pyruvate_transport_to_mitochondria	meanFlux	-25.23480158803387	-24.916158174	-44.821365723	-4.5851199529999995	0.7945183676067995	0.2054816323932005	0.0
CRC_VisiumHD	CRC_P2	P2	crc_visiumhd	VisiumHD	31414	PDHm	pyruvate_dehydrogenase_mitochondrial	meanNormalized	0.05041559709164417	0.050219889865499995	0.01815421604175	0.07901331677324999	0.0	0.9984083529636468	0.0015916470363532182
CRC_VisiumHD	CRC_P2	P2	crc_visiumhd	VisiumHD	31414	PDHm	pyruvate_dehydrogenase_mitochondrial	meanFlux	50.41559709164417	50.219889865499994	18.154216041749997	79.01331677324998	0.0	0.9984083529636468	0.0015916470363532182
CRC_VisiumHD	CRC_P2	P2	crc_visiumhd	VisiumHD	31414	LDH_L	lactate_dehydrogenase_l	meanNormalized	-0.016434853613209652	-0.009407667960000001	-0.045531871662749995	0.0247076784985	0.5717514483988031	0.4282485516011969	0.0
CRC_VisiumHD	CRC_P2	P2	crc_visiumhd	VisiumHD	31414	LDH_L	lactate_dehydrogenase_l	meanFlux	-16.43485361320965	-9.407667960000001	-45.53187166275	24.707678498499998	0.5717514483988031	0.4282485516011969	0.0
CRC_VisiumHD	CRC_P2	P2	crc_visiumhd	VisiumHD	31414	ASPTA	aspartate_transaminase_cytosol	meanNormalized	0.06555379371634686	0.05381695888400001	0.0096265287945	0.11080506531400001	0.1405106003692621	0.8591710702234673	0.00031832940727064365
CRC_VisiumHD	CRC_P2	P2	crc_visiumhd	VisiumHD	31414	ASPTA	aspartate_transaminase_cytosol	meanFlux	65.55379371634686	53.816958884	9.6265287945	110.80506531400002	0.1405106003692621	0.8591710702234673	0.00031832940727064365
CRC_VisiumHD	CRC_P2	P2	crc_visiumhd	VisiumHD	31414	ASPTAm	aspartate_transaminase_mitochondria	meanNormalized	0.07101740605599838	0.06765062736800001	0.045967197632750006	0.09580183267875	0.0	1.0	0.0
CRC_VisiumHD	CRC_P2	P2	crc_visiumhd	VisiumHD	31414	ASPTAm	aspartate_transaminase_mitochondria	meanFlux	71.01740605599838	67.650627368	45.96719763274999	95.80183267875	0.0	1.0	0.0
CRC_VisiumHD	CRC_P2	P2	crc_visiumhd	VisiumHD	31414	ASPGLUm	aspartate_glutamate_mitochondrial_transport	meanNormalized	0.0562119478832187	0.053727886712999995	0.02107097193075	0.08669435005025002	0.0	1.0	0.0
CRC_VisiumHD	CRC_P2	P2	crc_visiumhd	VisiumHD	31414	ASPGLUm	aspartate_glutamate_mitochondrial_transport	meanFlux	56.211947883218684	53.727886713000004	21.07097193075	86.69435005025	0.0	1.0	0.0
CRC_VisiumHD	CRC_P2	P2	crc_visiumhd	VisiumHD	31414	ALATA_L	alanine_transaminase	meanNormalized	0.04867068367712447	0.035243856436000004	0.012148090396250002	0.070286920915	0.010091042210479404	0.9899089577895206	0.0
CRC_VisiumHD	CRC_P2	P2	crc_visiumhd	VisiumHD	31414	ALATA_L	alanine_transaminase	meanFlux	48.670683677124465	35.243856436	12.14809039625	70.286920915	0.010091042210479404	0.9899089577895206	0.0
CRC_VisiumHD	CRC_P2	P2	crc_visiumhd	VisiumHD	31414	GLUN	glutaminase	meanNormalized	0.05329731806300844	0.0461512078205	0.015050518854499997	0.08535631603425	0.0	1.0	0.0
CRC_VisiumHD	CRC_P2	P2	crc_visiumhd	VisiumHD	31414	GLUN	glutaminase	meanFlux	53.29731806300844	46.15120782049999	15.050518854500002	85.35631603424999	0.0	1.0	0.0
CRC_VisiumHD	CRC_P2	P2	crc_visiumhd	VisiumHD	31414	GLUNm	glutaminase_mitochondrial	meanNormalized	0.11956150923906096	0.1301847169735	0.074303873991	0.16603787109325	0.0	1.0	0.0
CRC_VisiumHD	CRC_P2	P2	crc_visiumhd	VisiumHD	31414	GLUNm	glutaminase_mitochondrial	meanFlux	119.56150923906095	130.1847169735	74.30387399099999	166.03787109325	0.0	1.0	0.0
CRC_VisiumHD	CRC_P2	P2	crc_visiumhd	VisiumHD	31414	GLUDym	glutamate_dehydrogenase	meanNormalized	0.12545591925585634	0.127183610256	0.08734305241425	0.16245810989575	0.0023874705545298275	0.9976125294454702	0.0
CRC_VisiumHD	CRC_P2	P2	crc_visiumhd	VisiumHD	31414	GLUDym	glutamate_dehydrogenase	meanFlux	125.45591925585634	127.18361025600001	87.34305241425	162.45810989574997	0.0023874705545298275	0.9976125294454702	0.0
CRC_VisiumHD	CRC_P2	P2	crc_visiumhd	VisiumHD	31414	AKGDm	alpha_ketoglutarate_dehydrogenase	meanNormalized	0.04338904849548192	0.04260075455250001	0.030388428150749998	0.0566887263165	0.0	0.9998090023556376	0.0001909976443623862
CRC_VisiumHD	CRC_P2	P2	crc_visiumhd	VisiumHD	31414	AKGDm	alpha_ketoglutarate_dehydrogenase	meanFlux	43.38904849548192	42.60075455249999	30.38842815075	56.6887263165	0.0	0.9998090023556376	0.0001909976443623862
CRC_VisiumHD	CRC_P2	P2	crc_visiumhd	VisiumHD	31414	AKGMALtm	akg_malate_transport	meanNormalized	0.14766503286243585	0.14620154091550003	0.06666583522274999	0.21503247996949998	0.01728528681479595	0.9827147131852041	0.0
CRC_VisiumHD	CRC_P2	P2	crc_visiumhd	VisiumHD	31414	AKGMALtm	akg_malate_transport	meanFlux	147.66503286243585	146.2015409155	66.66583522275	215.0324799695	0.01728528681479595	0.9827147131852041	0.0
CRC_VisiumHD	CRC_P2	P2	crc_visiumhd	VisiumHD	31414	MDHm	malate_dehydrogenase_mitochondrial	meanNormalized	0.09369506938154619	0.08481191515700001	0.048858076839750006	0.1376616426945	0.014483988030814287	0.9855160119691857	0.0
CRC_VisiumHD	CRC_P2	P2	crc_visiumhd	VisiumHD	31414	MDHm	malate_dehydrogenase_mitochondrial	meanFlux	93.69506938154619	84.811915157	48.85807683975	137.66164269450002	0.014483988030814287	0.9855160119691857	0.0
CRC_VisiumHD	CRC_P2	P2	crc_visiumhd	VisiumHD	31414	MDH	malate_dehydrogenase_cytosol	meanNormalized	-0.07994421682879176	-0.07174882374699999	-0.125458377267	-0.020194313632999998	0.9370344432418667	0.06296555675813331	0.0
CRC_VisiumHD	CRC_P2	P2	crc_visiumhd	VisiumHD	31414	MDH	malate_dehydrogenase_cytosol	meanFlux	-79.94421682879175	-71.748823747	-125.45837726699999	-20.194313633	0.9370344432418667	0.06296555675813331	0.0
CRC_VisiumHD	CRC_P2	P2	crc_visiumhd	VisiumHD	31414	CSm	citrate_synthase_mitochondrial	meanNormalized	0.05876807511595311	0.057085178069	0.0239213252165	0.09054882543675	0.0	0.9927739224549564	0.007226077545043611
CRC_VisiumHD	CRC_P2	P2	crc_visiumhd	VisiumHD	31414	CSm	citrate_synthase_mitochondrial	meanFlux	58.76807511595312	57.085178068999994	23.9213252165	90.54882543675001	0.0	0.9927739224549564	0.007226077545043611
CRC_VisiumHD	CRC_P2	P2	crc_visiumhd	VisiumHD	31414	Biomass	biomass_synthesis	meanNormalized	0.0034294725384138147	0.003133722551786288	0.0018312468711089431	0.004725908432002788	0.0	0.9981855223785573	0.001814477621442669
CRC_VisiumHD	CRC_P2	P2	crc_visiumhd	VisiumHD	31414	Biomass	biomass_synthesis	meanFlux	0.4434958906056854	0.405249804	0.2368149775	0.6111496580000001	0.0	0.9981855223785573	0.001814477621442669
CRC_VisiumHD	CRC_P2	P2	crc_visiumhd	VisiumHD	31414	ATPS4mi	atp_synthase	meanNormalized	0.1386026256912334	0.126063825741	0.07838136465474999	0.1954721786025	0.0	0.9927420895142294	0.007257910485770676
CRC_VisiumHD	CRC_P2	P2	crc_visiumhd	VisiumHD	31414	ATPS4mi	atp_synthase	meanFlux	138.6026256912334	126.063825741	78.38136465475	195.47217860249995	0.0	0.9927420895142294	0.007257910485770676
CRC_VisiumHD	CRC_P2	P2	crc_visiumhd	VisiumHD	31414	lac_glc_mean	precomputed_ratio_from_spfba	obs	-74.34196705601288	-24.126197458821643	-54.84989379910297	-11.053409921124317	1.0	0.0	0.0
CRC_VisiumHD	CRC_P2	P2	crc_visiumhd	VisiumHD	31414	o2_glc_mean	precomputed_ratio_from_spfba	obs	296.69657359175864	95.99644284080073	42.22098494959665	203.06616326160625	0.0	1.0	0.0
CRC_VisiumHD	CRC_P2	P2	crc_visiumhd	VisiumHD	31414	o2_lac_mean	precomputed_ratio_from_spfba	obs	-14.123680209252027	-8.03091388035449	-11.411900039811314	-5.674686319054998	1.0	0.0	0.0
CRC_VisiumHD	CRC_P5	P5	crc_visiumhd	VisiumHD	31773	EX_lac__L_e	lactate_exchange_negative_is_uptake	meanNormalized	0.011545113152085389	0.015271063699999999	-0.03997777003499999	0.0666150625	0.39750731753375507	0.6024926824662449	0.0
CRC_VisiumHD	CRC_P5	P5	crc_visiumhd	VisiumHD	31773	EX_lac__L_e	lactate_exchange_negative_is_uptake	meanFlux	11.545113152085387	15.2710637	-39.977770035	66.6150625	0.39750731753375507	0.6024926824662449	0.0
CRC_VisiumHD	CRC_P5	P5	crc_visiumhd	VisiumHD	31773	EX_glc__D_e	glucose_exchange_negative_is_uptake	meanNormalized	-0.005846125661820863	-0.002531251259576569	-0.007988609305303544	-0.00058384205367652	0.8670884083970667	0.1329115916029333	0.0
CRC_VisiumHD	CRC_P5	P5	crc_visiumhd	VisiumHD	31773	EX_glc__D_e	glucose_exchange_negative_is_uptake	meanFlux	-4.99346198568404	-2.046354438	-6.849370572	-0.386790658	0.8392030969691248	0.16079690303087527	0.0
CRC_VisiumHD	CRC_P5	P5	crc_visiumhd	VisiumHD	31773	EX_o2_e	oxygen_exchange_negative_is_uptake	meanNormalized	-0.2012903522132532	-0.16745537238500002	-0.29490665623799994	-0.10580786568899998	1.0	0.0	0.0
CRC_VisiumHD	CRC_P5	P5	crc_visiumhd	VisiumHD	31773	EX_o2_e	oxygen_exchange_negative_is_uptake	meanFlux	-201.29035221325324	-167.45537238500003	-294.906656238	-105.807865689	1.0	0.0	0.0
CRC_VisiumHD	CRC_P5	P5	crc_visiumhd	VisiumHD	31773	EX_gln__L_e	glutamine_exchange	meanNormalized	-0.12397840223263727	-0.050080406827000004	-0.15761442392900002	-0.026232639833	0.9934850344632234	0.006514965536776508	0.0
CRC_VisiumHD	CRC_P5	P5	crc_visiumhd	VisiumHD	31773	EX_gln__L_e	glutamine_exchange	meanFlux	-123.97840223263727	-50.080406827000004	-157.614423929	-26.232639833	0.9934850344632234	0.006514965536776508	0.0
CRC_VisiumHD	CRC_P5	P5	crc_visiumhd	VisiumHD	31773	EX_glu__L_e	glutamate_exchange	meanNormalized	-0.01609245278662254	-0.022797177594	-0.044038875714999995	0.00025439829100000315	0.7486230447235074	0.2513769552764926	0.0
CRC_VisiumHD	CRC_P5	P5	crc_visiumhd	VisiumHD	31773	EX_glu__L_e	glutamate_exchange	meanFlux	-16.09245278662254	-22.797177594	-44.038875715	0.25439829100000133	0.7486230447235074	0.2513769552764926	0.0
CRC_VisiumHD	CRC_P5	P5	crc_visiumhd	VisiumHD	31773	EX_pyr_e	pyruvate_exchange	meanNormalized	0.06996034507603277	0.06156701473099999	0.024811805468	0.112924976645	0.10744972146161835	0.8925502785383816	0.0
CRC_VisiumHD	CRC_P5	P5	crc_visiumhd	VisiumHD	31773	EX_pyr_e	pyruvate_exchange	meanFlux	69.96034507603278	61.567014731	24.811805468	112.924976645	0.10744972146161835	0.8925502785383816	0.0
CRC_VisiumHD	CRC_P5	P5	crc_visiumhd	VisiumHD	31773	PYRt2m	pyruvate_transport_to_mitochondria	meanNormalized	-0.008398777713993581	-0.014439674986999999	-0.030130231437999998	0.002967449275	0.7196361690743713	0.28036383092562867	0.0
CRC_VisiumHD	CRC_P5	P5	crc_visiumhd	VisiumHD	31773	PYRt2m	pyruvate_transport_to_mitochondria	meanFlux	-8.39877771399358	-14.439674987	-30.130231438	2.9674492750000003	0.7196361690743713	0.28036383092562867	0.0
CRC_VisiumHD	CRC_P5	P5	crc_visiumhd	VisiumHD	31773	PDHm	pyruvate_dehydrogenase_mitochondrial	meanNormalized	0.03588607286912004	0.02432061089	0.010245613464	0.055217287520000005	0.0	1.0	0.0
CRC_VisiumHD	CRC_P5	P5	crc_visiumhd	VisiumHD	31773	PDHm	pyruvate_dehydrogenase_mitochondrial	meanFlux	35.88607286912004	24.32061089	10.245613463999998	55.21728752	0.0	1.0	0.0
CRC_VisiumHD	CRC_P5	P5	crc_visiumhd	VisiumHD	31773	LDH_L	lactate_dehydrogenase_l	meanNormalized	0.011545113152087085	0.015271063699999999	-0.03997777003499999	0.0666150625	0.39750731753375507	0.6024926824662449	0.0
CRC_VisiumHD	CRC_P5	P5	crc_visiumhd	VisiumHD	31773	LDH_L	lactate_dehydrogenase_l	meanFlux	11.545113152087085	15.2710637	-39.977770035	66.6150625	0.39750731753375507	0.6024926824662449	0.0
CRC_VisiumHD	CRC_P5	P5	crc_visiumhd	VisiumHD	31773	ASPTA	aspartate_transaminase_cytosol	meanNormalized	0.06324712815362754	0.021231613971	-0.004220515103	0.14016829114799997	0.31910741824819816	0.6808925817518019	0.0
CRC_VisiumHD	CRC_P5	P5	crc_visiumhd	VisiumHD	31773	ASPTA	aspartate_transaminase_cytosol	meanFlux	63.24712815362754	21.231613970999998	-4.220515103	140.16829114799998	0.31910741824819816	0.6808925817518019	0.0
CRC_VisiumHD	CRC_P5	P5	crc_visiumhd	VisiumHD	31773	ASPTAm	aspartate_transaminase_mitochondria	meanNormalized	0.09996745068962581	0.074627003855	0.045394018924	0.14957395947799998	0.0	1.0	0.0
CRC_VisiumHD	CRC_P5	P5	crc_visiumhd	VisiumHD	31773	ASPTAm	aspartate_transaminase_mitochondria	meanFlux	99.96745068962582	74.62700385500001	45.394018924	149.573959478	0.0	1.0	0.0
CRC_VisiumHD	CRC_P5	P5	crc_visiumhd	VisiumHD	31773	ASPGLUm	aspartate_glutamate_mitochondrial_transport	meanNormalized	0.08596983569478887	0.048941786194	0.027463319989	0.142435333352	0.0	1.0	0.0
CRC_VisiumHD	CRC_P5	P5	crc_visiumhd	VisiumHD	31773	ASPGLUm	aspartate_glutamate_mitochondrial_transport	meanFlux	85.96983569478887	48.941786194	27.463319989	142.43533335200001	0.0	1.0	0.0
CRC_VisiumHD	CRC_P5	P5	crc_visiumhd	VisiumHD	31773	ALATA_L	alanine_transaminase	meanNormalized	0.04096327851089107	0.020128545867000004	0.007569627729	0.056895931440000005	0.05894942246561546	0.9408617379536084	0.00018883958077613066
CRC_VisiumHD	CRC_P5	P5	crc_visiumhd	VisiumHD	31773	ALATA_L	alanine_transaminase	meanFlux	40.96327851089107	20.128545867000003	7.569627729	56.895931440000005	0.05894942246561546	0.9408617379536084	0.00018883958077613066
CRC_VisiumHD	CRC_P5	P5	crc_visiumhd	VisiumHD	31773	GLUN	glutaminase	meanNormalized	0.05209699875397995	0.019323901804999998	0.008697985615000002	0.06683497002	0.0	1.0	0.0
CRC_VisiumHD	CRC_P5	P5	crc_visiumhd	VisiumHD	31773	GLUN	glutaminase	meanFlux	52.096998753979946	19.323901805000002	8.697985614999999	66.83497002000001	0.0	1.0	0.0
CRC_VisiumHD	CRC_P5	P5	crc_visiumhd	VisiumHD	31773	GLUNm	glutaminase_mitochondrial	meanNormalized	0.07620596427031193	0.036513091059	0.017592850386	0.103051321959	0.0	1.0	0.0
CRC_VisiumHD	CRC_P5	P5	crc_visiumhd	VisiumHD	31773	GLUNm	glutaminase_mitochondrial	meanFlux	76.20596427031191	36.513091059	17.592850386	103.051321959	0.0	1.0	0.0
CRC_VisiumHD	CRC_P5	P5	crc_visiumhd	VisiumHD	31773	GLUDym	glutamate_dehydrogenase	meanNormalized	0.15185462742648398	0.14597764873	0.109342816636	0.18812214396	0.0004406256884776382	0.9995593743115223	0.0
CRC_VisiumHD	CRC_P5	P5	crc_visiumhd	VisiumHD	31773	GLUDym	glutamate_dehydrogenase	meanFlux	151.85462742648397	145.97764873	109.34281663600001	188.12214396	0.0004406256884776382	0.9995593743115223	0.0
CRC_VisiumHD	CRC_P5	P5	crc_visiumhd	VisiumHD	31773	AKGDm	alpha_ketoglutarate_dehydrogenase	meanNormalized	0.04000377734206792	0.038296112445	0.025912480232	0.053791920777	0.0	1.0	0.0
CRC_VisiumHD	CRC_P5	P5	crc_visiumhd	VisiumHD	31773	AKGDm	alpha_ketoglutarate_dehydrogenase	meanFlux	40.00377734206792	38.296112445	25.912480232	53.79192077700001	0.0	1.0	0.0
CRC_VisiumHD	CRC_P5	P5	crc_visiumhd	VisiumHD	31773	AKGMALtm	akg_malate_transport	meanNormalized	0.05974545534461118	0.04355903836499999	0.023028099642	0.089267128467	0.08551285682812451	0.9144871431718755	0.0
CRC_VisiumHD	CRC_P5	P5	crc_visiumhd	VisiumHD	31773	AKGMALtm	akg_malate_transport	meanFlux	59.74545534461118	43.559038365	23.028099641999997	89.26712846699999	0.08551285682812451	0.9144871431718755	0.0
CRC_VisiumHD	CRC_P5	P5	crc_visiumhd	VisiumHD	31773	MDHm	malate_dehydrogenase_mitochondrial	meanNormalized	0.12215788564833725	0.087580404916	0.051600496324999995	0.174439832957	0.005130141944418217	0.9948698580555818	0.0
CRC_VisiumHD	CRC_P5	P5	crc_visiumhd	VisiumHD	31773	MDHm	malate_dehydrogenase_mitochondrial	meanFlux	122.15788564833724	87.580404916	51.600496325	174.439832957	0.005130141944418217	0.9948698580555818	0.0
CRC_VisiumHD	CRC_P5	P5	crc_visiumhd	VisiumHD	31773	MDH	malate_dehydrogenase_cytosol	meanNormalized	-0.056550417562439344	-0.022618511839000002	-0.123782369642	0.0010807138010000003	0.7328234664652378	0.26717653353476223	0.0
CRC_VisiumHD	CRC_P5	P5	crc_visiumhd	VisiumHD	31773	MDH	malate_dehydrogenase_cytosol	meanFlux	-56.550417562439335	-22.618511839000004	-123.78236964199999	1.080713801	0.7328234664652378	0.26717653353476223	0.0
CRC_VisiumHD	CRC_P5	P5	crc_visiumhd	VisiumHD	31773	CSm	citrate_synthase_mitochondrial	meanNormalized	0.026761279918081672	0.01346538099	0.007369873561999999	0.033234818654	0.0	0.9983004437730149	0.0016995562269851762
CRC_VisiumHD	CRC_P5	P5	crc_visiumhd	VisiumHD	31773	CSm	citrate_synthase_mitochondrial	meanFlux	26.761279918081673	13.46538099	7.3698735619999995	33.234818653999994	0.0	0.9983004437730149	0.0016995562269851762
CRC_VisiumHD	CRC_P5	P5	crc_visiumhd	VisiumHD	31773	Biomass	biomass_synthesis	meanNormalized	0.0008908694049253979	0.0007015439806283655	0.000364139192870219	0.0011324354553368732	0.0	0.9916910584458503	0.00830894155414975
CRC_VisiumHD	CRC_P5	P5	crc_visiumhd	VisiumHD	31773	Biomass	biomass_synthesis	meanFlux	0.11520632275815945	0.09072295199999998	0.047090109000000005	0.146445398	0.0	0.9916910584458503	0.00830894155414975
CRC_VisiumHD	CRC_P5	P5	crc_visiumhd	VisiumHD	31773	ATPS4mi	atp_synthase	meanNormalized	0.01601656297489466	0.0010319375330000004	0.0	0.016123128607999995	0.0	0.5801781386711988	0.41982186132880117
CRC_VisiumHD	CRC_P5	P5	crc_visiumhd	VisiumHD	31773	ATPS4mi	atp_synthase	meanFlux	16.01656297489466	1.0319375330000002	0.0	16.123128608	0.0	0.5801781386711988	0.41982186132880117
CRC_VisiumHD	CRC_P5	P5	crc_visiumhd	VisiumHD	31773	lac_glc_mean	precomputed_ratio_from_spfba	obs	-89.14714492090742	-31.580762289811418	-80.19495930633248	-12.609095104451338	1.0	0.0	0.0
CRC_VisiumHD	CRC_P5	P5	crc_visiumhd	VisiumHD	31773	o2_glc_mean	precomputed_ratio_from_spfba	obs	220.1624996704481	85.64922603426321	35.01785342740383	186.6826090627088	0.0	1.0	0.0
CRC_VisiumHD	CRC_P5	P5	crc_visiumhd	VisiumHD	31773	o2_lac_mean	precomputed_ratio_from_spfba	obs	-8.46970549524616	-5.07759295200121	-7.265942990066473	-3.6988633148301178	1.0	0.0	0.0
SC087	SC087_A02991A2_LM4	LM4	liver_metastasis	Stereo-seq	9539	EX_lac__L_e	lactate_exchange_negative_is_uptake	meanNormalized	-0.08268394468718974	-0.075023361295	-0.1317353078195	-0.0386790324075	0.9260928818534437	0.07390711814655625	0.0
SC087	SC087_A02991A2_LM4	LM4	liver_metastasis	Stereo-seq	9539	EX_lac__L_e	lactate_exchange_negative_is_uptake	meanFlux	-82.68394468718975	-75.023361295	-131.7353078195	-38.6790324075	0.9260928818534437	0.07390711814655625	0.0
SC087	SC087_A02991A2_LM4	LM4	liver_metastasis	Stereo-seq	9539	EX_glc__D_e	glucose_exchange_negative_is_uptake	meanNormalized	-0.018356966871027055	-0.01579967634270297	-0.02308715234961639	-0.009932270861106277	0.9509382534856903	0.049061746514309675	0.0
SC087	SC087_A02991A2_LM4	LM4	liver_metastasis	Stereo-seq	9539	EX_glc__D_e	glucose_exchange_negative_is_uptake	meanFlux	-15.121220543115527	-12.99461301	-19.573918463	-7.437210381	0.9257783834783521	0.07422161652164797	0.0
SC087	SC087_A02991A2_LM4	LM4	liver_metastasis	Stereo-seq	9539	EX_o2_e	oxygen_exchange_negative_is_uptake	meanNormalized	-0.36269024639994035	-0.35329991193	-0.41990202818050004	-0.2906255556795	1.0	0.0	0.0
SC087	SC087_A02991A2_LM4	LM4	liver_metastasis	Stereo-seq	9539	EX_o2_e	oxygen_exchange_negative_is_uptake	meanFlux	-362.69024639994035	-353.29991192999995	-419.9020281805	-290.6255556795	1.0	0.0	0.0
SC087	SC087_A02991A2_LM4	LM4	liver_metastasis	Stereo-seq	9539	EX_gln__L_e	glutamine_exchange	meanNormalized	-0.2522210393877316	-0.24809817463699996	-0.281507662464	-0.2201595904705	1.0	0.0	0.0
SC087	SC087_A02991A2_LM4	LM4	liver_metastasis	Stereo-seq	9539	EX_gln__L_e	glutamine_exchange	meanFlux	-252.22103938773162	-248.09817463699997	-281.50766246399996	-220.1595904705	1.0	0.0	0.0
SC087	SC087_A02991A2_LM4	LM4	liver_metastasis	Stereo-seq	9539	EX_glu__L_e	glutamate_exchange	meanNormalized	-0.017939699225184295	-0.016930731474000003	-0.04764891559250001	0.011162385879	0.653003459482126	0.346996540517874	0.0
SC087	SC087_A02991A2_LM4	LM4	liver_metastasis	Stereo-seq	9539	EX_glu__L_e	glutamate_exchange	meanFlux	-17.939699225184295	-16.930731474	-47.648915592499996	11.162385879	0.653003459482126	0.346996540517874	0.0
SC087	SC087_A02991A2_LM4	LM4	liver_metastasis	Stereo-seq	9539	EX_pyr_e	pyruvate_exchange	meanNormalized	0.21116533107474042	0.21190469335200002	0.18389431908499998	0.2372921186745	0.0	1.0	0.0
SC087	SC087_A02991A2_LM4	LM4	liver_metastasis	Stereo-seq	9539	EX_pyr_e	pyruvate_exchange	meanFlux	211.16533107474044	211.90469335200004	183.894319085	237.2921186745	0.0	1.0	0.0
SC087	SC087_A02991A2_LM4	LM4	liver_metastasis	Stereo-seq	9539	PYRt2m	pyruvate_transport_to_mitochondria	meanNormalized	-0.05140901715785658	-0.056949747587	-0.076719830148	-0.02619882051	0.9200125799350036	0.07998742006499633	0.0
SC087	SC087_A02991A2_LM4	LM4	liver_metastasis	Stereo-seq	9539	PYRt2m	pyruvate_transport_to_mitochondria	meanFlux	-51.40901715785659	-56.949747587	-76.719830148	-26.198820509999997	0.9200125799350036	0.07998742006499633	0.0
SC087	SC087_A02991A2_LM4	LM4	liver_metastasis	Stereo-seq	9539	PDHm	pyruvate_dehydrogenase_mitochondrial	meanNormalized	0.045726070369617886	0.044276420155	0.032535262196500006	0.058000947968	0.0	1.0	0.0
SC087	SC087_A02991A2_LM4	LM4	liver_metastasis	Stereo-seq	9539	PDHm	pyruvate_dehydrogenase_mitochondrial	meanFlux	45.72607036961789	44.276420155	32.5352621965	58.00094796799999	0.0	1.0	0.0
SC087	SC087_A02991A2_LM4	LM4	liver_metastasis	Stereo-seq	9539	LDH_L	lactate_dehydrogenase_l	meanNormalized	-0.08268394468708753	-0.075023361295	-0.1317353078195	-0.0386790324075	0.9260928818534437	0.07390711814655625	0.0
SC087	SC087_A02991A2_LM4	LM4	liver_metastasis	Stereo-seq	9539	LDH_L	lactate_dehydrogenase_l	meanFlux	-82.68394468708752	-75.023361295	-131.7353078195	-38.6790324075	0.9260928818534437	0.07390711814655625	0.0
SC087	SC087_A02991A2_LM4	LM4	liver_metastasis	Stereo-seq	9539	ASPTA	aspartate_transaminase_cytosol	meanNormalized	0.11182946921748883	0.10945393313	0.0867513823525	0.1315843550865	0.0003144983750917287	0.9996855016249083	0.0
SC087	SC087_A02991A2_LM4	LM4	liver_metastasis	Stereo-seq	9539	ASPTA	aspartate_transaminase_cytosol	meanFlux	111.82946921748884	109.45393313	86.7513823525	131.5843550865	0.0003144983750917287	0.9996855016249083	0.0
SC087	SC087_A02991A2_LM4	LM4	liver_metastasis	Stereo-seq	9539	ASPTAm	aspartate_transaminase_mitochondria	meanNormalized	0.08174577153226417	0.073502462941	0.0520944990465	0.1025880562135	0.0	1.0	0.0
SC087	SC087_A02991A2_LM4	LM4	liver_metastasis	Stereo-seq	9539	ASPTAm	aspartate_transaminase_mitochondria	meanFlux	81.74577153226417	73.502462941	52.09449904649999	102.58805621350001	0.0	1.0	0.0
SC087	SC087_A02991A2_LM4	LM4	liver_metastasis	Stereo-seq	9539	ASPGLUm	aspartate_glutamate_mitochondrial_transport	meanNormalized	0.05176194093631262	0.052162152855	0.028086809720499997	0.0704623834895	0.0	1.0	0.0
SC087	SC087_A02991A2_LM4	LM4	liver_metastasis	Stereo-seq	9539	ASPGLUm	aspartate_glutamate_mitochondrial_transport	meanFlux	51.761940936312605	52.162152855	28.0868097205	70.46238348949998	0.0	1.0	0.0
SC087	SC087_A02991A2_LM4	LM4	liver_metastasis	Stereo-seq	9539	ALATA_L	alanine_transaminase	meanNormalized	0.10977563771552365	0.10942960308300001	0.07888227019049998	0.135521927922	0.0	1.0	0.0
SC087	SC087_A02991A2_LM4	LM4	liver_metastasis	Stereo-seq	9539	ALATA_L	alanine_transaminase	meanFlux	109.77563771552363	109.429603083	78.88227019050001	135.521927922	0.0	1.0	0.0
SC087	SC087_A02991A2_LM4	LM4	liver_metastasis	Stereo-seq	9539	GLUN	glutaminase	meanNormalized	0.05041632461299518	0.05060588990999999	0.0441032386555	0.056438003107499995	0.0	1.0	0.0
SC087	SC087_A02991A2_LM4	LM4	liver_metastasis	Stereo-seq	9539	GLUN	glutaminase	meanFlux	50.41632461299518	50.60588991	44.1032386555	56.438003107499995	0.0	1.0	0.0
SC087	SC087_A02991A2_LM4	LM4	liver_metastasis	Stereo-seq	9539	GLUNm	glutaminase_mitochondrial	meanNormalized	0.22947518003314385	0.22561465835600003	0.1905041260425	0.26750574991849996	0.0	1.0	0.0
SC087	SC087_A02991A2_LM4	LM4	liver_metastasis	Stereo-seq	9539	GLUNm	glutaminase_mitochondrial	meanFlux	229.4751800331438	225.614658356	190.5041260425	267.5057499185	0.0	1.0	0.0
SC087	SC087_A02991A2_LM4	LM4	liver_metastasis	Stereo-seq	9539	GLUDym	glutamate_dehydrogenase	meanNormalized	0.11924964542289873	0.12156123926799998	0.10076809278249999	0.14005060185	0.0	1.0	0.0
SC087	SC087_A02991A2_LM4	LM4	liver_metastasis	Stereo-seq	9539	GLUDym	glutamate_dehydrogenase	meanFlux	119.24964542289872	121.56123926800001	100.7680927825	140.05060185000002	0.0	1.0	0.0
SC087	SC087_A02991A2_LM4	LM4	liver_metastasis	Stereo-seq	9539	AKGDm	alpha_ketoglutarate_dehydrogenase	meanNormalized	0.05557450323863046	0.048328938718	0.0301307066815	0.07589961498549999	0.0	1.0	0.0
SC087	SC087_A02991A2_LM4	LM4	liver_metastasis	Stereo-seq	9539	AKGDm	alpha_ketoglutarate_dehydrogenase	meanFlux	55.57450323863046	48.328938717999996	30.130706681499994	75.89961498550001	0.0	1.0	0.0
SC087	SC087_A02991A2_LM4	LM4	liver_metastasis	Stereo-seq	9539	AKGMALtm	akg_malate_transport	meanNormalized	0.07402312508696593	0.084927422984	-0.0067414426045	0.140905262812	0.2735087535381067	0.7264912464618932	0.0
SC087	SC087_A02991A2_LM4	LM4	liver_metastasis	Stereo-seq	9539	AKGMALtm	akg_malate_transport	meanFlux	74.02312508696593	84.92742298399999	-6.7414426044999995	140.905262812	0.2735087535381067	0.7264912464618932	0.0
SC087	SC087_A02991A2_LM4	LM4	liver_metastasis	Stereo-seq	9539	MDHm	malate_dehydrogenase_mitochondrial	meanNormalized	0.09359569468598165	0.095542219881	0.0665382686955	0.11949738907750002	0.02170038788132928	0.9782996121186707	0.0
SC087	SC087_A02991A2_LM4	LM4	liver_metastasis	Stereo-seq	9539	MDHm	malate_dehydrogenase_mitochondrial	meanFlux	93.59569468598166	95.542219881	66.5382686955	119.4973890775	0.02170038788132928	0.9782996121186707	0.0
SC087	SC087_A02991A2_LM4	LM4	liver_metastasis	Stereo-seq	9539	MDH	malate_dehydrogenase_cytosol	meanNormalized	-0.09882131023266852	-0.08891616575	-0.12373301320799998	-0.0679029384065	0.9994758360415138	0.0005241639584862145	0.0
SC087	SC087_A02991A2_LM4	LM4	liver_metastasis	Stereo-seq	9539	MDH	malate_dehydrogenase_cytosol	meanFlux	-98.82131023266852	-88.91616574999999	-123.733013208	-67.9029384065	0.9994758360415138	0.0005241639584862145	0.0
SC087	SC087_A02991A2_LM4	LM4	liver_metastasis	Stereo-seq	9539	CSm	citrate_synthase_mitochondrial	meanNormalized	0.11767672035800167	0.122813580011	0.0884015899055	0.1423827261305	0.0	1.0	0.0
SC087	SC087_A02991A2_LM4	LM4	liver_metastasis	Stereo-seq	9539	CSm	citrate_synthase_mitochondrial	meanFlux	117.67672035800167	122.81358001100001	88.4015899055	142.3827261305	0.0	1.0	0.0
SC087	SC087_A02991A2_LM4	LM4	liver_metastasis	Stereo-seq	9539	Biomass	biomass_synthesis	meanNormalized	0.006814604625311447	0.00610686127434658	0.0043035707558163536	0.008639138945420077	0.0	1.0	0.0
SC087	SC087_A02991A2_LM4	LM4	liver_metastasis	Stereo-seq	9539	Biomass	biomass_synthesis	meanFlux	0.8812577192485584	0.789733071	0.5565333804999999	1.1172046365	0.0	1.0	0.0
SC087	SC087_A02991A2_LM4	LM4	liver_metastasis	Stereo-seq	9539	ATPS4mi	atp_synthase	meanNormalized	0.23408203822699422	0.245550351408	0.1189024464715	0.326607211422	0.0	1.0	0.0
SC087	SC087_A02991A2_LM4	LM4	liver_metastasis	Stereo-seq	9539	ATPS4mi	atp_synthase	meanFlux	234.08203822699423	245.55035140799995	118.9024464715	326.607211422	0.0	1.0	0.0
SC087	SC087_A02991A2_LM4	LM4	liver_metastasis	Stereo-seq	9539	lac_glc_mean	precomputed_ratio_from_spfba	obs	-4.231498491121573	-2.9630070115364795	-4.547162743991246	-2.0942952105156025	1.0	0.0	0.0
SC087	SC087_A02991A2_LM4	LM4	liver_metastasis	Stereo-seq	9539	o2_glc_mean	precomputed_ratio_from_spfba	obs	18.992127671650334	12.716623758433416	8.729546681261706	19.77958273853202	0.0	1.0	0.0
SC087	SC087_A02991A2_LM4	LM4	liver_metastasis	Stereo-seq	9539	o2_lac_mean	precomputed_ratio_from_spfba	obs	-12.40670045235962	-7.3475843786343615	-10.002676074562427	-5.80256541987073	1.0	0.0	0.0
SC087	SC087_A03389C5_LM4r	LM4r	liver_metastasis	Stereo-seq	11919	EX_lac__L_e	lactate_exchange_negative_is_uptake	meanNormalized	-0.16508674873502308	-0.17290638826200003	-0.202841713952	-0.12927662085949998	0.9953855189193724	0.004614481080627569	0.0
SC087	SC087_A03389C5_LM4r	LM4r	liver_metastasis	Stereo-seq	11919	EX_lac__L_e	lactate_exchange_negative_is_uptake	meanFlux	-165.08674873502306	-172.90638826200004	-202.841713952	-129.27662085949999	0.9953855189193724	0.004614481080627569	0.0
SC087	SC087_A03389C5_LM4r	LM4r	liver_metastasis	Stereo-seq	11919	EX_glc__D_e	glucose_exchange_negative_is_uptake	meanNormalized	-0.012438560582397588	-0.010995937160253502	-0.017306643357051555	-0.004666056871202145	0.9361523617753167	0.06384763822468328	0.0
SC087	SC087_A03389C5_LM4r	LM4r	liver_metastasis	Stereo-seq	11919	EX_glc__D_e	glucose_exchange_negative_is_uptake	meanFlux	-9.818842553964174	-8.515361883999999	-14.422081486	-2.640417307	0.8724725228626563	0.12752747713734375	0.0
SC087	SC087_A03389C5_LM4r	LM4r	liver_metastasis	Stereo-seq	11919	EX_o2_e	oxygen_exchange_negative_is_uptake	meanNormalized	-0.35424061509554394	-0.352741915582	-0.4042458346955	-0.296428924811	1.0	0.0	0.0
SC087	SC087_A03389C5_LM4r	LM4r	liver_metastasis	Stereo-seq	11919	EX_o2_e	oxygen_exchange_negative_is_uptake	meanFlux	-354.24061509554394	-352.74191558200005	-404.2458346955	-296.428924811	1.0	0.0	0.0
SC087	SC087_A03389C5_LM4r	LM4r	liver_metastasis	Stereo-seq	11919	EX_gln__L_e	glutamine_exchange	meanNormalized	-0.2787717137575288	-0.2807631647220001	-0.302003863975	-0.258758216027	1.0	0.0	0.0
SC087	SC087_A03389C5_LM4r	LM4r	liver_metastasis	Stereo-seq	11919	EX_gln__L_e	glutamine_exchange	meanFlux	-278.77171375752886	-280.76316472199994	-302.003863975	-258.758216027	1.0	0.0	0.0
SC087	SC087_A03389C5_LM4r	LM4r	liver_metastasis	Stereo-seq	11919	EX_glu__L_e	glutamate_exchange	meanNormalized	-0.04143884637833082	-0.035824249408	-0.0775485124575	-0.0055526757934999975	0.7915932544676567	0.2084067455323433	0.0
SC087	SC087_A03389C5_LM4r	LM4r	liver_metastasis	Stereo-seq	11919	EX_glu__L_e	glutamate_exchange	meanFlux	-41.438846378330815	-35.824249408	-77.54851245750001	-5.552675793500001	0.7915932544676567	0.2084067455323433	0.0
SC087	SC087_A03389C5_LM4r	LM4r	liver_metastasis	Stereo-seq	11919	EX_pyr_e	pyruvate_exchange	meanNormalized	0.22462909170680367	0.23434142703200006	0.19993532032650002	0.2555829359335	0.0	1.0	0.0
SC087	SC087_A03389C5_LM4r	LM4r	liver_metastasis	Stereo-seq	11919	EX_pyr_e	pyruvate_exchange	meanFlux	224.62909170680368	234.34142703200007	199.9353203265	255.58293593349998	0.0	1.0	0.0
SC087	SC087_A03389C5_LM4r	LM4r	liver_metastasis	Stereo-seq	11919	PYRt2m	pyruvate_transport_to_mitochondria	meanNormalized	-0.018554613319849988	-0.021600180965	-0.0384160117125	0.0001889557205	0.7480493329977347	0.2519506670022653	0.0
SC087	SC087_A03389C5_LM4r	LM4r	liver_metastasis	Stereo-seq	11919	PYRt2m	pyruvate_transport_to_mitochondria	meanFlux	-18.554613319849988	-21.600180965	-38.416011712499994	0.18895572049999992	0.7480493329977347	0.2519506670022653	0.0
SC087	SC087_A03389C5_LM4r	LM4r	liver_metastasis	Stereo-seq	11919	PDHm	pyruvate_dehydrogenase_mitochondrial	meanNormalized	0.05673574286144551	0.055843163337	0.048804645309	0.0639720651575	0.0	1.0	0.0
SC087	SC087_A03389C5_LM4r	LM4r	liver_metastasis	Stereo-seq	11919	PDHm	pyruvate_dehydrogenase_mitochondrial	meanFlux	56.73574286144551	55.84316333699999	48.804645309	63.9720651575	0.0	1.0	0.0
SC087	SC087_A03389C5_LM4r	LM4r	liver_metastasis	Stereo-seq	11919	LDH_L	lactate_dehydrogenase_l	meanNormalized	-0.16508674873502274	-0.17290638826200003	-0.202841713952	-0.12927662085949998	0.9953855189193724	0.004614481080627569	0.0
SC087	SC087_A03389C5_LM4r	LM4r	liver_metastasis	Stereo-seq	11919	LDH_L	lactate_dehydrogenase_l	meanFlux	-165.08674873502275	-172.90638826200004	-202.841713952	-129.27662085949999	0.9953855189193724	0.004614481080627569	0.0
SC087	SC087_A03389C5_LM4r	LM4r	liver_metastasis	Stereo-seq	11919	ASPTA	aspartate_transaminase_cytosol	meanNormalized	0.11770624598367398	0.111991506104	0.0700725697005	0.16370047387199999	0.001174595184159745	0.9988254048158403	0.0
SC087	SC087_A03389C5_LM4r	LM4r	liver_metastasis	Stereo-seq	11919	ASPTA	aspartate_transaminase_cytosol	meanFlux	117.70624598367395	111.99150610400001	70.0725697005	163.700473872	0.001174595184159745	0.9988254048158403	0.0
SC087	SC087_A03389C5_LM4r	LM4r	liver_metastasis	Stereo-seq	11919	ASPTAm	aspartate_transaminase_mitochondria	meanNormalized	0.1667777532783299	0.167837946377	0.13386356961950002	0.20994067052899998	0.0	1.0	0.0
SC087	SC087_A03389C5_LM4r	LM4r	liver_metastasis	Stereo-seq	11919	ASPTAm	aspartate_transaminase_mitochondria	meanFlux	166.77775327832987	167.83794637699998	133.86356961949997	209.940670529	0.0	1.0	0.0
SC087	SC087_A03389C5_LM4r	LM4r	liver_metastasis	Stereo-seq	11919	ASPGLUm	aspartate_glutamate_mitochondrial_transport	meanNormalized	0.11039398388294269	0.120142520375	0.09741442063799999	0.135030842554	0.0	1.0	0.0
SC087	SC087_A03389C5_LM4r	LM4r	liver_metastasis	Stereo-seq	11919	ASPGLUm	aspartate_glutamate_mitochondrial_transport	meanFlux	110.39398388294269	120.14252037499999	97.414420638	135.030842554	0.0	1.0	0.0
SC087	SC087_A03389C5_LM4r	LM4r	liver_metastasis	Stereo-seq	11919	ALATA_L	alanine_transaminase	meanNormalized	0.1223301389767577	0.122498388297	0.09802739753200002	0.1459729897375	0.0	1.0	0.0
SC087	SC087_A03389C5_LM4r	LM4r	liver_metastasis	Stereo-seq	11919	ALATA_L	alanine_transaminase	meanFlux	122.33013897675771	122.49838829699996	98.027397532	145.9729897375	0.0	1.0	0.0
SC087	SC087_A03389C5_LM4r	LM4r	liver_metastasis	Stereo-seq	11919	GLUN	glutaminase	meanNormalized	0.05505860845749333	0.05621356420899999	0.042752594763500004	0.06695585121549999	0.0	1.0	0.0
SC087	SC087_A03389C5_LM4r	LM4r	liver_metastasis	Stereo-seq	11919	GLUN	glutaminase	meanFlux	55.058608457493335	56.213564209	42.7525947635	66.95585121549999	0.0	1.0	0.0
SC087	SC087_A03389C5_LM4r	LM4r	liver_metastasis	Stereo-seq	11919	GLUNm	glutaminase_mitochondrial	meanNormalized	0.24851238128747333	0.24766191652500003	0.2243402360295	0.275052232309	0.0	1.0	0.0
SC087	SC087_A03389C5_LM4r	LM4r	liver_metastasis	Stereo-seq	11919	GLUNm	glutaminase_mitochondrial	meanFlux	248.5123812874734	247.661916525	224.3402360295	275.05223230900003	0.0	1.0	0.0
SC087	SC087_A03389C5_LM4r	LM4r	liver_metastasis	Stereo-seq	11919	GLUDym	glutamate_dehydrogenase	meanNormalized	0.1611453487507291	0.164905464772	0.1434541598	0.1884580843655	0.0	1.0	0.0
SC087	SC087_A03389C5_LM4r	LM4r	liver_metastasis	Stereo-seq	11919	GLUDym	glutamate_dehydrogenase	meanFlux	161.14534875072908	164.905464772	143.4541598	188.45808436549999	0.0	1.0	0.0
SC087	SC087_A03389C5_LM4r	LM4r	liver_metastasis	Stereo-seq	11919	AKGDm	alpha_ketoglutarate_dehydrogenase	meanNormalized	0.06977631691282095	0.069426933878	0.052043494912	0.0875650434145	0.0	1.0	0.0
SC087	SC087_A03389C5_LM4r	LM4r	liver_metastasis	Stereo-seq	11919	AKGDm	alpha_ketoglutarate_dehydrogenase	meanFlux	69.77631691282096	69.42693387800001	52.043494912	87.5650434145	0.0	1.0	0.0
SC087	SC087_A03389C5_LM4r	LM4r	liver_metastasis	Stereo-seq	11919	AKGMALtm	akg_malate_transport	meanNormalized	0.09342654330799277	0.09553931172099998	0.0633495032135	0.1249317230495	0.03297256481248427	0.9670274351875158	0.0
SC087	SC087_A03389C5_LM4r	LM4r	liver_metastasis	Stereo-seq	11919	AKGMALtm	akg_malate_transport	meanFlux	93.42654330799277	95.539311721	63.3495032135	124.9317230495	0.03297256481248427	0.9670274351875158	0.0
SC087	SC087_A03389C5_LM4r	LM4r	liver_metastasis	Stereo-seq	11919	MDHm	malate_dehydrogenase_mitochondrial	meanNormalized	0.18353251786818534	0.192186327487	0.157834499834	0.22294691801699998	8.389965601141036e-05	0.9999161003439886	0.0
SC087	SC087_A03389C5_LM4r	LM4r	liver_metastasis	Stereo-seq	11919	MDHm	malate_dehydrogenase_mitochondrial	meanFlux	183.53251786818532	192.18632748699997	157.834499834	222.946918017	8.389965601141036e-05	0.9999161003439886	0.0
SC087	SC087_A03389C5_LM4r	LM4r	liver_metastasis	Stereo-seq	11919	MDH	malate_dehydrogenase_cytosol	meanNormalized	-0.11101627303247555	-0.10664001639699999	-0.1643903883775	-0.0544232115425	0.9955533182313953	0.0044466817686047485	0.0
SC087	SC087_A03389C5_LM4r	LM4r	liver_metastasis	Stereo-seq	11919	MDH	malate_dehydrogenase_cytosol	meanFlux	-111.01627303247554	-106.64001639699998	-164.39038837750002	-54.4232115425	0.9955533182313953	0.0044466817686047485	0.0
SC087	SC087_A03389C5_LM4r	LM4r	liver_metastasis	Stereo-seq	11919	CSm	citrate_synthase_mitochondrial	meanNormalized	0.1379299811172215	0.14030699738500002	0.1216040786055	0.156129029511	0.0	1.0	0.0
SC087	SC087_A03389C5_LM4r	LM4r	liver_metastasis	Stereo-seq	11919	CSm	citrate_synthase_mitochondrial	meanFlux	137.9299811172215	140.30699738500002	121.6040786055	156.129029511	0.0	1.0	0.0
SC087	SC087_A03389C5_LM4r	LM4r	liver_metastasis	Stereo-seq	11919	Biomass	biomass_synthesis	meanNormalized	0.006843245273299704	0.0067703091533818155	0.005556276433668128	0.008003750045043658	0.0	1.0	0.0
SC087	SC087_A03389C5_LM4r	LM4r	liver_metastasis	Stereo-seq	11919	Biomass	biomass_synthesis	meanFlux	0.884961498632939	0.8755294739999999	0.718532001	1.035036792	0.0	1.0	0.0
SC087	SC087_A03389C5_LM4r	LM4r	liver_metastasis	Stereo-seq	11919	ATPS4mi	atp_synthase	meanNormalized	0.2397225607515925	0.24257706995399994	0.2045156322585	0.275795557609	0.0	1.0	0.0
SC087	SC087_A03389C5_LM4r	LM4r	liver_metastasis	Stereo-seq	11919	ATPS4mi	atp_synthase	meanFlux	239.72256075159248	242.57706995399994	204.51563225849998	275.79555760899996	0.0	1.0	0.0
SC087	SC087_A03389C5_LM4r	LM4r	liver_metastasis	Stereo-seq	11919	lac_glc_mean	precomputed_ratio_from_spfba	obs	-11.361265929478131	-3.591085966635875	-6.191802403305517	-2.417186315697995	1.0	0.0	0.0
SC087	SC087_A03389C5_LM4r	LM4r	liver_metastasis	Stereo-seq	11919	o2_glc_mean	precomputed_ratio_from_spfba	obs	56.583324973453415	19.689629585147777	12.89740468866081	33.72376338439393	0.0	1.0	0.0
SC087	SC087_A03389C5_LM4r	LM4r	liver_metastasis	Stereo-seq	11919	o2_lac_mean	precomputed_ratio_from_spfba	obs	-15.64748243273623	-8.088521551933523	-11.039050303707924	-6.372144673665261	1.0	0.0	0.0
SC087	SC087_C03445C6_LM7	LM7	liver_metastasis	Stereo-seq	20729	EX_lac__L_e	lactate_exchange_negative_is_uptake	meanNormalized	-0.1525299489480229	-0.144543980991	-0.214959351612	-0.09651495901099999	0.9819576438805538	0.018042356119446188	0.0
SC087	SC087_C03445C6_LM7	LM7	liver_metastasis	Stereo-seq	20729	EX_lac__L_e	lactate_exchange_negative_is_uptake	meanFlux	-152.5299489480229	-144.54398099099998	-214.95935161200003	-96.514959011	0.9819576438805538	0.018042356119446188	0.0
SC087	SC087_C03445C6_LM7	LM7	liver_metastasis	Stereo-seq	20729	EX_glc__D_e	glucose_exchange_negative_is_uptake	meanNormalized	-0.015462532186026513	-0.011168940529607105	-0.022051219944998587	-0.00485151608231607	0.9210285107819962	0.07897148921800376	0.0
SC087	SC087_C03445C6_LM7	LM7	liver_metastasis	Stereo-seq	20729	EX_glc__D_e	glucose_exchange_negative_is_uptake	meanFlux	-12.141712481874668	-8.207949539999998	-18.569090243999998	-2.227897992	0.8416228472188721	0.15837715278112788	0.0
SC087	SC087_C03445C6_LM7	LM7	liver_metastasis	Stereo-seq	20729	EX_o2_e	oxygen_exchange_negative_is_uptake	meanNormalized	-0.4800757638500904	-0.47862221005800004	-0.5467482334370001	-0.41620034398600003	1.0	0.0	0.0
SC087	SC087_C03445C6_LM7	LM7	liver_metastasis	Stereo-seq	20729	EX_o2_e	oxygen_exchange_negative_is_uptake	meanFlux	-480.07576385009037	-478.62221005799995	-546.7482334370001	-416.200343986	1.0	0.0	0.0
SC087	SC087_C03445C6_LM7	LM7	liver_metastasis	Stereo-seq	20729	EX_gln__L_e	glutamine_exchange	meanNormalized	-0.2981304340408686	-0.300533527968	-0.31943116224199997	-0.28124090180399997	1.0	0.0	0.0
SC087	SC087_C03445C6_LM7	LM7	liver_metastasis	Stereo-seq	20729	EX_gln__L_e	glutamine_exchange	meanFlux	-298.1304340408686	-300.533527968	-319.43116224199997	-281.240901804	1.0	0.0	0.0
SC087	SC087_C03445C6_LM7	LM7	liver_metastasis	Stereo-seq	20729	EX_glu__L_e	glutamate_exchange	meanNormalized	0.03311481398519509	0.035732036615000004	0.0019155937719999997	0.06518090332999998	0.2330551401418303	0.7669448598581697	0.0
SC087	SC087_C03445C6_LM7	LM7	liver_metastasis	Stereo-seq	20729	EX_glu__L_e	glutamate_exchange	meanFlux	33.11481398519509	35.732036615	1.9155937719999976	65.18090333	0.2330551401418303	0.7669448598581697	0.0
SC087	SC087_C03445C6_LM7	LM7	liver_metastasis	Stereo-seq	20729	EX_pyr_e	pyruvate_exchange	meanNormalized	0.2452355064104464	0.25057833908	0.185512641176	0.302029332482	0.0	1.0	0.0
SC087	SC087_C03445C6_LM7	LM7	liver_metastasis	Stereo-seq	20729	EX_pyr_e	pyruvate_exchange	meanFlux	245.23550641044648	250.57833908	185.51264117600002	302.02933248200003	0.0	1.0	0.0
SC087	SC087_C03445C6_LM7	LM7	liver_metastasis	Stereo-seq	20729	PYRt2m	pyruvate_transport_to_mitochondria	meanNormalized	-0.05374070742592922	-0.0530953297	-0.081923790494	-0.02837826435	0.9165420425490858	0.08345795745091418	0.0
SC087	SC087_C03445C6_LM7	LM7	liver_metastasis	Stereo-seq	20729	PYRt2m	pyruvate_transport_to_mitochondria	meanFlux	-53.74070742592923	-53.0953297	-81.923790494	-28.378264350000002	0.9165420425490858	0.08345795745091418	0.0
SC087	SC087_C03445C6_LM7	LM7	liver_metastasis	Stereo-seq	20729	PDHm	pyruvate_dehydrogenase_mitochondrial	meanNormalized	0.049515556572041486	0.048522367227	0.041948012922	0.055792551527	0.0	1.0	0.0
SC087	SC087_C03445C6_LM7	LM7	liver_metastasis	Stereo-seq	20729	PDHm	pyruvate_dehydrogenase_mitochondrial	meanFlux	49.51555657204149	48.522367227	41.948012922000004	55.792551527	0.0	1.0	0.0
SC087	SC087_C03445C6_LM7	LM7	liver_metastasis	Stereo-seq	20729	LDH_L	lactate_dehydrogenase_l	meanNormalized	-0.15252994894802252	-0.144543980991	-0.214959351612	-0.09651495901099999	0.9819576438805538	0.018042356119446188	0.0
SC087	SC087_C03445C6_LM7	LM7	liver_metastasis	Stereo-seq	20729	LDH_L	lactate_dehydrogenase_l	meanFlux	-152.52994894802254	-144.54398099099998	-214.95935161200003	-96.514959011	0.9819576438805538	0.018042356119446188	0.0
SC087	SC087_C03445C6_LM7	LM7	liver_metastasis	Stereo-seq	20729	ASPTA	aspartate_transaminase_cytosol	meanNormalized	0.1653366825101167	0.160381989669	0.116142579407	0.211816962882	0.0	1.0	0.0
SC087	SC087_C03445C6_LM7	LM7	liver_metastasis	Stereo-seq	20729	ASPTA	aspartate_transaminase_cytosol	meanFlux	165.33668251011667	160.381989669	116.14257940699999	211.816962882	0.0	1.0	0.0
SC087	SC087_C03445C6_LM7	LM7	liver_metastasis	Stereo-seq	20729	ASPTAm	aspartate_transaminase_mitochondria	meanNormalized	0.16595585803669313	0.15866003076799998	0.119604267075	0.205294398499	0.0	1.0	0.0
SC087	SC087_C03445C6_LM7	LM7	liver_metastasis	Stereo-seq	20729	ASPTAm	aspartate_transaminase_mitochondria	meanFlux	165.95585803669314	158.660030768	119.60426707500001	205.29439849899998	0.0	1.0	0.0
SC087	SC087_C03445C6_LM7	LM7	liver_metastasis	Stereo-seq	20729	ASPGLUm	aspartate_glutamate_mitochondrial_transport	meanNormalized	0.0785232574947393	0.080889110391	0.062147759779	0.094704470744	0.0	1.0	0.0
SC087	SC087_C03445C6_LM7	LM7	liver_metastasis	Stereo-seq	20729	ASPGLUm	aspartate_glutamate_mitochondrial_transport	meanFlux	78.5232574947393	80.889110391	62.14775977899999	94.704470744	0.0	1.0	0.0
SC087	SC087_C03445C6_LM7	LM7	liver_metastasis	Stereo-seq	20729	ALATA_L	alanine_transaminase	meanNormalized	0.13667124932513652	0.13573495079200001	0.11273356319499998	0.15984646605800001	0.0013025230353610883	0.998697476964639	0.0
SC087	SC087_C03445C6_LM7	LM7	liver_metastasis	Stereo-seq	20729	ALATA_L	alanine_transaminase	meanFlux	136.67124932513653	135.73495079199998	112.73356319499999	159.846466058	0.0013025230353610883	0.998697476964639	0.0
SC087	SC087_C03445C6_LM7	LM7	liver_metastasis	Stereo-seq	20729	GLUN	glutaminase	meanNormalized	0.0617581638628325	0.06200096161600001	0.053811761158	0.070657883464	0.0	1.0	0.0
SC087	SC087_C03445C6_LM7	LM7	liver_metastasis	Stereo-seq	20729	GLUN	glutaminase	meanFlux	61.75816386283251	62.000961616	53.811761158	70.65788346400001	0.0	1.0	0.0
SC087	SC087_C03445C6_LM7	LM7	liver_metastasis	Stereo-seq	20729	GLUNm	glutaminase_mitochondrial	meanNormalized	0.267966163521703	0.27002351588199996	0.25365979525	0.2846907833830001	0.0	1.0	0.0
SC087	SC087_C03445C6_LM7	LM7	liver_metastasis	Stereo-seq	20729	GLUNm	glutaminase_mitochondrial	meanFlux	267.96616352170304	270.023515882	253.65979525	284.690783383	0.0	1.0	0.0
SC087	SC087_C03445C6_LM7	LM7	liver_metastasis	Stereo-seq	20729	GLUDym	glutamate_dehydrogenase	meanNormalized	0.14882274603451784	0.14823970166099998	0.129180486408	0.16728563899499999	0.0	1.0	0.0
SC087	SC087_C03445C6_LM7	LM7	liver_metastasis	Stereo-seq	20729	GLUDym	glutamate_dehydrogenase	meanFlux	148.82274603451782	148.239701661	129.180486408	167.285638995	0.0	1.0	0.0
SC087	SC087_C03445C6_LM7	LM7	liver_metastasis	Stereo-seq	20729	AKGDm	alpha_ketoglutarate_dehydrogenase	meanNormalized	0.05718814428121216	0.055487719936	0.03628283188899999	0.07540641697599999	0.0	1.0	0.0
SC087	SC087_C03445C6_LM7	LM7	liver_metastasis	Stereo-seq	20729	AKGDm	alpha_ketoglutarate_dehydrogenase	meanFlux	57.18814428121217	55.48771993600001	36.282831889	75.406416976	0.0	1.0	0.0
SC087	SC087_C03445C6_LM7	LM7	liver_metastasis	Stereo-seq	20729	AKGMALtm	akg_malate_transport	meanNormalized	0.02743255720041092	0.028807627863	0.0016829985229999999	0.055015384517	0.23652853490279319	0.7634714650972068	0.0
SC087	SC087_C03445C6_LM7	LM7	liver_metastasis	Stereo-seq	20729	AKGMALtm	akg_malate_transport	meanFlux	27.432557200410926	28.807627863	1.6829985230000002	55.015384517	0.23652853490279319	0.7634714650972068	0.0
SC087	SC087_C03445C6_LM7	LM7	liver_metastasis	Stereo-seq	20729	MDHm	malate_dehydrogenase_mitochondrial	meanNormalized	0.2029227856529434	0.194942662123	0.158795119656	0.241230139465	0.0	1.0	0.0
SC087	SC087_C03445C6_LM7	LM7	liver_metastasis	Stereo-seq	20729	MDHm	malate_dehydrogenase_mitochondrial	meanFlux	202.92278565294336	194.94266212299996	158.795119656	241.230139465	0.0	1.0	0.0
SC087	SC087_C03445C6_LM7	LM7	liver_metastasis	Stereo-seq	20729	MDH	malate_dehydrogenase_cytosol	meanNormalized	-0.1732667103744979	-0.16720213931	-0.24523222090200003	-0.099126876105	0.9999517584060977	4.824159390226253e-05	0.0
SC087	SC087_C03445C6_LM7	LM7	liver_metastasis	Stereo-seq	20729	MDH	malate_dehydrogenase_cytosol	meanFlux	-173.2667103744979	-167.20213931	-245.232220902	-99.12687610500001	0.9999517584060977	4.824159390226253e-05	0.0
SC087	SC087_C03445C6_LM7	LM7	liver_metastasis	Stereo-seq	20729	CSm	citrate_synthase_mitochondrial	meanNormalized	0.15366381361940543	0.150377561985	0.133275689927	0.173714494384	0.0	1.0	0.0
SC087	SC087_C03445C6_LM7	LM7	liver_metastasis	Stereo-seq	20729	CSm	citrate_synthase_mitochondrial	meanFlux	153.66381361940543	150.377561985	133.275689927	173.71449438399998	0.0	1.0	0.0
SC087	SC087_C03445C6_LM7	LM7	liver_metastasis	Stereo-seq	20729	Biomass	biomass_synthesis	meanNormalized	0.009807890764013298	0.009749537940989018	0.007886802849821425	0.011376974795192476	0.0	0.9999517584060977	4.824159390226253e-05
SC087	SC087_C03445C6_LM7	LM7	liver_metastasis	Stereo-seq	20729	Biomass	biomass_synthesis	meanFlux	1.2683464295536206	1.260800302	1.0199133	1.4712587760000002	0.0	0.9999517584060977	4.824159390226253e-05
SC087	SC087_C03445C6_LM7	LM7	liver_metastasis	Stereo-seq	20729	ATPS4mi	atp_synthase	meanNormalized	0.29838032499600275	0.29549650150299994	0.25890126828800003	0.33852057429199994	0.0	1.0	0.0
SC087	SC087_C03445C6_LM7	LM7	liver_metastasis	Stereo-seq	20729	ATPS4mi	atp_synthase	meanFlux	298.38032499600274	295.49650150299993	258.90126828800004	338.520574292	0.0	1.0	0.0
SC087	SC087_C03445C6_LM7	LM7	liver_metastasis	Stereo-seq	20729	lac_glc_mean	precomputed_ratio_from_spfba	obs	-3.6350360984423618	-3.0568032548352493	-4.086218205361944	-2.140958440323865	1.0	0.0	0.0
SC087	SC087_C03445C6_LM7	LM7	liver_metastasis	Stereo-seq	20729	o2_glc_mean	precomputed_ratio_from_spfba	obs	20.28646998566673	17.078633100216233	11.964581780447237	22.60305544910704	0.0	1.0	0.0
SC087	SC087_C03445C6_LM7	LM7	liver_metastasis	Stereo-seq	20729	o2_lac_mean	precomputed_ratio_from_spfba	obs	-15.525161780954475	-7.8901988519976465	-10.713226826766148	-6.29812988417125	1.0	0.0	0.0
SC087	SC087_C03445G5_PT	PT	primary	Stereo-seq	14956	EX_lac__L_e	lactate_exchange_negative_is_uptake	meanNormalized	-0.1748596540785806	-0.17999595642799998	-0.20271145066375001	-0.154917826852	0.9895025407863065	0.010497459213693501	0.0
SC087	SC087_C03445G5_PT	PT	primary	Stereo-seq	14956	EX_lac__L_e	lactate_exchange_negative_is_uptake	meanFlux	-174.85965407858058	-179.99595642799997	-202.71145066375	-154.91782685200002	0.9895025407863065	0.010497459213693501	0.0
SC087	SC087_C03445G5_PT	PT	primary	Stereo-seq	14956	EX_glc__D_e	glucose_exchange_negative_is_uptake	meanNormalized	-0.03390078000135	-0.0312675688100962	-0.0385744508051214	-0.025499293929240226	0.9946509761968441	0.005349023803155924	0.0
SC087	SC087_C03445G5_PT	PT	primary	Stereo-seq	14956	EX_glc__D_e	glucose_exchange_negative_is_uptake	meanFlux	-28.865590592788713	-26.566376859500004	-33.15818047475	-21.316833048499998	0.9907060711420166	0.009293928857983419	0.0
SC087	SC087_C03445G5_PT	PT	primary	Stereo-seq	14956	EX_o2_e	oxygen_exchange_negative_is_uptake	meanNormalized	-0.35115442882815745	-0.336907590204	-0.38815033232225	-0.29434639720149997	1.0	0.0	0.0
SC087	SC087_C03445G5_PT	PT	primary	Stereo-seq	14956	EX_o2_e	oxygen_exchange_negative_is_uptake	meanFlux	-351.15442882815745	-336.90759020400003	-388.15033232225	-294.3463972015	1.0	0.0	0.0
SC087	SC087_C03445G5_PT	PT	primary	Stereo-seq	14956	EX_gln__L_e	glutamine_exchange	meanNormalized	-0.3045817397502007	-0.30496101285	-0.3236865824295	-0.28566325984450003	1.0	0.0	0.0
SC087	SC087_C03445G5_PT	PT	primary	Stereo-seq	14956	EX_gln__L_e	glutamine_exchange	meanFlux	-304.5817397502007	-304.96101285	-323.68658242950005	-285.6632598445	1.0	0.0	0.0
SC087	SC087_C03445G5_PT	PT	primary	Stereo-seq	14956	EX_glu__L_e	glutamate_exchange	meanNormalized	-0.0495527037631618	-0.048731388807500005	-0.065329828477	-0.03294730314449999	0.9838860657929928	0.01611393420700722	0.0
SC087	SC087_C03445G5_PT	PT	primary	Stereo-seq	14956	EX_glu__L_e	glutamate_exchange	meanFlux	-49.55270376316181	-48.73138880750001	-65.329828477	-32.9473031445	0.9838860657929928	0.01611393420700722	0.0
SC087	SC087_C03445G5_PT	PT	primary	Stereo-seq	14956	EX_pyr_e	pyruvate_exchange	meanNormalized	0.30724100164619106	0.3026045112365	0.278988853521	0.33184054410775	0.0	1.0	0.0
SC087	SC087_C03445G5_PT	PT	primary	Stereo-seq	14956	EX_pyr_e	pyruvate_exchange	meanFlux	307.2410016461911	302.6045112365	278.988853521	331.84054410774996	0.0	1.0	0.0
SC087	SC087_C03445G5_PT	PT	primary	Stereo-seq	14956	PYRt2m	pyruvate_transport_to_mitochondria	meanNormalized	-0.01832569411695106	-0.0176277862835	-0.029598741144500004	-0.00544715098625	0.8256886868146563	0.17431131318534368	0.0
SC087	SC087_C03445G5_PT	PT	primary	Stereo-seq	14956	PYRt2m	pyruvate_transport_to_mitochondria	meanFlux	-18.32569411695106	-17.6277862835	-29.598741144499996	-5.4471509862500005	0.8256886868146563	0.17431131318534368	0.0
SC087	SC087_C03445G5_PT	PT	primary	Stereo-seq	14956	PDHm	pyruvate_dehydrogenase_mitochondrial	meanNormalized	0.04272205415065826	0.0424903463525	0.03756519825175	0.047623932574	0.0	1.0	0.0
SC087	SC087_C03445G5_PT	PT	primary	Stereo-seq	14956	PDHm	pyruvate_dehydrogenase_mitochondrial	meanFlux	42.722054150658266	42.4903463525	37.56519825175	47.623932573999994	0.0	1.0	0.0
SC087	SC087_C03445G5_PT	PT	primary	Stereo-seq	14956	LDH_L	lactate_dehydrogenase_l	meanNormalized	-0.17485965407858048	-0.17999595642799998	-0.20271145066375001	-0.154917826852	0.9895025407863065	0.010497459213693501	0.0
SC087	SC087_C03445G5_PT	PT	primary	Stereo-seq	14956	LDH_L	lactate_dehydrogenase_l	meanFlux	-174.85965407858052	-179.99595642799997	-202.71145066375	-154.91782685200002	0.9895025407863065	0.010497459213693501	0.0
SC087	SC087_C03445G5_PT	PT	primary	Stereo-seq	14956	ASPTA	aspartate_transaminase_cytosol	meanNormalized	0.125034215202494	0.127558783071	0.10255034474175	0.1491642558665	0.0018052955335651243	0.9981947044664349	0.0
SC087	SC087_C03445G5_PT	PT	primary	Stereo-seq	14956	ASPTA	aspartate_transaminase_cytosol	meanFlux	125.03421520249397	127.558783071	102.55034474175	149.1642558665	0.0018052955335651243	0.9981947044664349	0.0
SC087	SC087_C03445G5_PT	PT	primary	Stereo-seq	14956	ASPTAm	aspartate_transaminase_mitochondria	meanNormalized	0.12888383720162055	0.12090364027200001	0.10090779691375	0.1451166571345	0.0	1.0	0.0
SC087	SC087_C03445G5_PT	PT	primary	Stereo-seq	14956	ASPTAm	aspartate_transaminase_mitochondria	meanFlux	128.88383720162057	120.903640272	100.90779691374999	145.11665713449997	0.0	1.0	0.0
SC087	SC087_C03445G5_PT	PT	primary	Stereo-seq	14956	ASPGLUm	aspartate_glutamate_mitochondrial_transport	meanNormalized	0.10395346511720441	0.1043020220385	0.09190802402350001	0.11665728652025001	0.0	1.0	0.0
SC087	SC087_C03445G5_PT	PT	primary	Stereo-seq	14956	ASPGLUm	aspartate_glutamate_mitochondrial_transport	meanFlux	103.9534651172044	104.3020220385	91.9080240235	116.65728652025001	0.0	1.0	0.0
SC087	SC087_C03445G5_PT	PT	primary	Stereo-seq	14956	ALATA_L	alanine_transaminase	meanNormalized	0.09365942086336006	0.09251476934050001	0.08002054629900002	0.105815124879	0.0007354907729339395	0.9992645092270661	0.0
SC087	SC087_C03445G5_PT	PT	primary	Stereo-seq	14956	ALATA_L	alanine_transaminase	meanFlux	93.65942086336005	92.51476934050001	80.020546299	105.815124879	0.0007354907729339395	0.9992645092270661	0.0
SC087	SC087_C03445G5_PT	PT	primary	Stereo-seq	14956	GLUN	glutaminase	meanNormalized	0.051472003848818934	0.05051955621450001	0.0438648515395	0.058710684354750006	0.0	1.0	0.0
SC087	SC087_C03445G5_PT	PT	primary	Stereo-seq	14956	GLUN	glutaminase	meanFlux	51.47200384881893	50.5195562145	43.8648515395	58.71068435475	0.0	1.0	0.0
SC087	SC087_C03445G5_PT	PT	primary	Stereo-seq	14956	GLUNm	glutaminase_mitochondrial	meanNormalized	0.31830507000275493	0.319534216707	0.30290774177675	0.3345471311714999	0.0	1.0	0.0
SC087	SC087_C03445G5_PT	PT	primary	Stereo-seq	14956	GLUNm	glutaminase_mitochondrial	meanFlux	318.305070002755	319.534216707	302.90774177674996	334.54713117150004	0.0	1.0	0.0
SC087	SC087_C03445G5_PT	PT	primary	Stereo-seq	14956	GLUDym	glutamate_dehydrogenase	meanNormalized	0.11838384136332496	0.11699358298850002	0.1000609929875	0.13597038952325002	0.0	1.0	0.0
SC087	SC087_C03445G5_PT	PT	primary	Stereo-seq	14956	GLUDym	glutamate_dehydrogenase	meanFlux	118.38384136332495	116.9935829885	100.0609929875	135.97038952325	0.0	1.0	0.0
SC087	SC087_C03445G5_PT	PT	primary	Stereo-seq	14956	AKGDm	alpha_ketoglutarate_dehydrogenase	meanNormalized	0.08973575086582963	0.08689802958249998	0.07369929381725	0.103008057092	0.0	1.0	0.0
SC087	SC087_C03445G5_PT	PT	primary	Stereo-seq	14956	AKGDm	alpha_ketoglutarate_dehydrogenase	meanFlux	89.73575086582964	86.89802958249999	73.69929381725001	103.008057092	0.0	1.0	0.0
SC087	SC087_C03445G5_PT	PT	primary	Stereo-seq	14956	AKGMALtm	akg_malate_transport	meanNormalized	0.21506694042560312	0.2174367216665	0.18867848268674997	0.24370368343749998	0.0002674511901577962	0.9997325488098422	0.0
SC087	SC087_C03445G5_PT	PT	primary	Stereo-seq	14956	AKGMALtm	akg_malate_transport	meanFlux	215.0669404256031	217.43672166649998	188.67848268675002	243.70368343749996	0.0002674511901577962	0.9997325488098422	0.0
SC087	SC087_C03445G5_PT	PT	primary	Stereo-seq	14956	MDHm	malate_dehydrogenase_mitochondrial	meanNormalized	0.13765558788154744	0.13567744995449998	0.11097379491	0.16167562336975	0.0004680395827761434	0.9995319604172238	0.0
SC087	SC087_C03445G5_PT	PT	primary	Stereo-seq	14956	MDHm	malate_dehydrogenase_mitochondrial	meanFlux	137.6555878815474	135.6774499545	110.97379491	161.67562336975	0.0004680395827761434	0.9995319604172238	0.0
SC087	SC087_C03445G5_PT	PT	primary	Stereo-seq	14956	MDH	malate_dehydrogenase_cytosol	meanNormalized	-0.13100734488059956	-0.133456794721	-0.15676523491125	-0.1068655862625	0.999398234822145	0.0006017651778550414	0.0
SC087	SC087_C03445G5_PT	PT	primary	Stereo-seq	14956	MDH	malate_dehydrogenase_cytosol	meanFlux	-131.00734488059956	-133.456794721	-156.76523491125002	-106.86558626250002	0.999398234822145	0.0006017651778550414	0.0
SC087	SC087_C03445G5_PT	PT	primary	Stereo-seq	14956	CSm	citrate_synthase_mitochondrial	meanNormalized	0.1877149664769546	0.188526397107	0.17697983497999997	0.19930612195949998	0.0	1.0	0.0
SC087	SC087_C03445G5_PT	PT	primary	Stereo-seq	14956	CSm	citrate_synthase_mitochondrial	meanFlux	187.71496647695457	188.52639710699998	176.97983497999996	199.3061219595	0.0	1.0	0.0
SC087	SC087_C03445G5_PT	PT	primary	Stereo-seq	14956	Biomass	biomass_synthesis	meanNormalized	0.013315431546066462	0.013036317167054674	0.01123057650354186	0.014827957284383159	0.0	1.0	0.0
SC087	SC087_C03445G5_PT	PT	primary	Stereo-seq	14956	Biomass	biomass_synthesis	meanFlux	1.7219380257971382	1.685843239	1.45232669825	1.9175363115	0.0	1.0	0.0
SC087	SC087_C03445G5_PT	PT	primary	Stereo-seq	14956	ATPS4mi	atp_synthase	meanNormalized	0.41273072756807266	0.410770627174	0.38153131092225	0.43908065866374996	0.0	1.0	0.0
SC087	SC087_C03445G5_PT	PT	primary	Stereo-seq	14956	ATPS4mi	atp_synthase	meanFlux	412.73072756807267	410.77062717399997	381.53131092225	439.08065866375006	0.0	1.0	0.0
SC087	SC087_C03445G5_PT	PT	primary	Stereo-seq	14956	lac_glc_mean	precomputed_ratio_from_spfba	obs	-1.8872179488707481	-1.582505208346685	-1.8508454146449576	-1.3828381850135094	1.0	0.0	0.0
SC087	SC087_C03445G5_PT	PT	primary	Stereo-seq	14956	o2_glc_mean	precomputed_ratio_from_spfba	obs	8.645046205389146	6.878673975929946	5.69584438293573	8.49822543926266	0.0	1.0	0.0
SC087	SC087_C03445G5_PT	PT	primary	Stereo-seq	14956	o2_lac_mean	precomputed_ratio_from_spfba	obs	-12.366809836135388	-6.522688894914493	-8.76853538428002	-5.335273508189247	1.0	0.0	0.0
