sample_id	caf_core	cxcl13_t_cells	hgf_met_axis	macrophage_lipid_candidate	mcam_caf	myc_glycolysis_core	plasticity_emt
TCGA-CA-5256-01	-0.550788	0.312774	-0.042925	0.163335	-0.727980	0.322806	-0.316258
TCGA-AZ-6599-01	-2.033320	-0.541226	-1.002489	-1.107250	-2.404528	-0.899712	-0.560599
TCGA-AA-3655-01	0.165754	-0.081131	0.995484	-0.052753	0.009043	0.496203	-0.432160
TCGA-A6-6137-01	-0.553443	-0.105355	0.643997	-0.110626	-0.538638	0.373516	0.266815
TCGA-CK-4952-01	-0.399686	-1.330489	-0.215214	-0.635171	-0.465784	0.822312	-0.444344
TCGA-A6-5657-01	1.062459	0.600608	0.667756	0.129985	1.281450	0.140705	0.217133
TCGA-AD-6963-01	-0.601911	0.539465	0.780790	-0.589493	-0.879539	0.630781	-0.815078
TCGA-AA-3663-11	0.147868	0.690021	-0.879102	0.885475	0.616791	-0.893252	0.262243
TCGA-A6-6138-01	0.323456	1.015517	1.389544	1.093057	0.367460	0.158804	0.301677
TCGA-A6-A567-01	0.059194	-0.572191	0.331791	-0.585458	0.165431	-0.290915	-0.412878
TCGA-AA-3712-11	-0.445118	0.500758	-0.895496	0.230816	-0.744932	-0.895199	-0.245019
TCGA-D5-6928-01	0.907954	2.233986	0.513983	1.503523	0.769881	-0.940033	-0.382265
TCGA-AZ-6598-01	0.018097	-0.166925	-0.462540	0.128851	-0.222875	0.298116	-0.507336
TCGA-D5-6931-01	0.459946	0.354055	-0.061306	0.268216	0.218640	1.335038	0.091960
TCGA-G4-6295-01	-0.711859	0.970933	-0.356338	0.175143	-0.961869	0.001682	-0.134061
TCGA-AA-A01X-01	-0.389174	-0.395902	-0.088583	-0.680265	-0.143963	-0.628210	-0.400037
TCGA-AZ-4313-01	-0.347395	-0.430731	-1.379985	-1.069399	-0.417200	0.772104	-1.152458
TCGA-DM-A0XD-01	0.252591	-0.849808	-0.796571	-1.018801	0.070435	0.997584	-0.529968
TCGA-D5-6535-01	-0.030754	0.165885	0.950906	0.180303	-0.175694	0.367826	0.158574
TCGA-AA-3509-01	-0.194918	0.048135	0.062578	0.070026	-0.112412	0.201768	-0.215160
TCGA-DM-A28E-01	-1.525099	-1.516787	-0.744879	-0.950232	-1.802356	-0.762927	-0.601948
TCGA-A6-5667-11	-0.573698	0.566098	-1.064389	0.079019	-0.437684	-0.589568	0.027629
TCGA-G4-6307-01	-0.999174	-0.664570	-0.459861	-1.114957	-0.814390	0.043630	-0.086848
TCGA-A6-2682-01	0.771948	-0.477206	0.259936	0.040149	0.775517	1.231543	0.485511
TCGA-CM-5868-01	0.575865	-0.805197	-0.074812	-0.263813	0.417777	-0.313461	0.382055
TCGA-CK-4947-01	0.412629	0.617594	0.325428	0.505068	0.043434	0.023063	0.428847
TCGA-D5-5540-01	-0.596643	-0.105108	-0.143802	-0.669951	-0.793283	0.097089	-0.354421
TCGA-A6-4105-01	0.441969	0.947433	0.666532	0.646040	0.346141	0.783194	0.132116
TCGA-A6-6651-01	1.378174	1.032005	0.783585	1.218423	1.681165	-0.769038	0.021010
TCGA-G4-6625-01	0.276435	1.063257	0.676330	1.038737	0.093752	-0.487895	0.297163
TCGA-CM-5860-01	1.264593	0.070435	0.286206	0.432313	1.022371	0.003067	0.598906
TCGA-DM-A28G-01	-0.897864	-0.254706	-0.126435	-0.631816	-0.992682	-0.521281	0.018233
TCGA-A6-5666-01	-0.939880	-1.700546	-0.910010	-1.124945	-0.772489	0.822454	0.054763
TCGA-A6-2675-11	0.281503	-0.247614	0.083044	0.037588	0.856105	-1.061816	0.389148
TCGA-AA-3516-11	-0.562923	1.443065	-1.269364	0.524315	-0.304426	-0.386326	0.408629
TCGA-AZ-6605-01	1.473118	0.786977	0.582572	0.850460	1.399104	-0.194557	0.627109
TCGA-CA-5797-01	0.289279	0.246956	0.611014	0.121995	0.313037	0.190403	0.078782
TCGA-D5-6930-01	0.630130	1.155189	-0.235692	0.384364	0.535214	0.309527	0.057800
TCGA-5M-AAT4-01	-0.543580	-1.016142	0.044247	-0.810341	-0.415817	0.746475	-0.422136
TCGA-AA-3685-01	-0.182944	0.889174	0.338119	0.372388	-0.487565	0.894321	-0.825121
TCGA-D5-6924-01	1.111402	0.572088	0.662785	0.576516	1.141512	-0.168838	0.321683
TCGA-CA-6718-01	0.364583	0.831685	-0.548733	0.741640	0.399676	-0.185802	-0.338559
TCGA-AZ-6603-01	0.503120	-0.087189	0.424889	0.223600	0.562788	-0.292594	0.503252
TCGA-CM-5862-01	-0.051047	-1.287308	-0.401866	-0.517818	-0.212919	-0.767713	-0.042411
TCGA-AZ-6598-11	0.141009	0.678705	-0.969442	0.111795	0.753032	-0.674379	0.115750
TCGA-AA-A01Z-01	-0.606002	-1.743517	0.504075	-0.935467	-0.598017	0.595273	-0.233569
TCGA-DM-A0X9-01	-0.418452	0.292743	-0.449674	-0.502348	-0.400648	0.031204	-0.251182
TCGA-A6-A566-01	1.986833	0.469636	0.830303	1.251585	2.241680	-0.124973	0.070133
TCGA-A6-5662-11	0.166332	1.081096	-1.229053	0.332483	0.548680	-0.917171	0.360722
TCGA-D5-6534-01	1.587091	1.280537	1.245769	1.919382	1.436217	-1.096332	0.365598
TCGA-CK-6746-01	-1.062637	0.975287	-1.385104	0.185439	-0.744887	-0.100613	-0.931075
TCGA-A6-5656-01	-0.680484	-0.896412	-0.015311	-0.687643	-0.804115	-0.176031	0.285377
TCGA-5M-AAT6-01	1.072707	1.093542	0.694703	0.854501	1.115448	-0.117886	-0.872925
TCGA-QG-A5Z1-01	0.339367	-1.408099	1.123020	0.095975	0.230464	-0.216578	0.754428
TCGA-AZ-6605-11	1.048238	-0.495688	-1.569577	0.216518	2.115035	-1.781443	-1.074830
TCGA-CK-4951-01	0.948654	0.657409	0.505370	0.717393	0.738821	0.368570	-0.339232
TCGA-CM-6680-01	0.468279	0.323074	0.537304	0.582040	0.394244	-0.189686	0.578738
TCGA-CK-5913-01	0.481961	0.127643	-0.351079	0.130683	0.317651	1.316228	0.243349
TCGA-CM-6172-01	0.240595	-0.690668	0.796974	-0.327601	-0.139311	-0.336349	0.247336
TCGA-G4-6309-01	-0.368505	0.200192	-0.008894	-0.238729	-0.425155	0.770561	-0.175529
TCGA-F4-6461-01	0.628768	0.144804	0.243007	0.336031	0.620286	-0.229673	0.570468
TCGA-G4-6299-01	0.646323	0.869113	-0.307233	0.407438	0.493339	0.001833	-0.359606
TCGA-CM-6168-01	1.234165	0.283871	1.710274	0.868249	1.050054	0.147918	0.320619
TCGA-AD-A5EK-01	-0.116902	-0.595433	-0.038835	-0.584710	-0.115969	-0.790707	0.192747
TCGA-AM-5820-01	0.176071	-1.300872	1.053015	-0.133728	0.506126	-0.112934	-0.505666
TCGA-A6-2682-11	-0.827569	0.570909	-0.850793	0.405436	-0.925508	-0.443118	-0.074738
TCGA-A6-6648-01	-0.728641	-0.420412	0.675724	-0.404450	-0.632301	0.024345	0.091528
TCGA-CA-6717-01	0.750749	1.029888	1.121846	1.108782	0.801713	0.375553	0.046321
TCGA-AU-6004-01	0.629127	0.611101	0.020714	0.807728	0.505412	1.133600	0.002316
TCGA-A6-2684-01	0.713783	0.235146	0.316175	1.122055	0.674686	0.722649	0.423709
TCGA-AZ-6599-11	0.297281	-0.186268	-0.054849	0.414571	0.308659	-0.568797	0.246561
TCGA-DM-A1HB-01	-0.337179	-1.645092	-1.160926	-0.778816	-0.476078	1.729905	-0.240392
TCGA-A6-2685-01	0.977656	0.238052	1.387487	1.267213	1.086501	0.037604	0.659400
TCGA-F4-6704-11	-0.118809	0.277228	-0.486255	-0.075022	0.348118	-0.282688	0.301638
TCGA-F4-6856-01	-0.117032	0.035892	-1.175081	-0.457750	-0.138330	-0.082113	-0.697053
TCGA-AA-3492-01	-0.039719	0.168674	-0.347262	0.181211	-0.114157	0.548384	-0.276570
TCGA-G4-6294-01	-0.556543	-0.404448	0.225622	-0.102272	-0.961240	-0.588562	0.006006
TCGA-WS-AB45-01	2.427457	0.451330	-0.669969	1.063045	2.640456	-1.315887	-0.583596
TCGA-CK-5916-01	0.257518	0.813085	1.101144	0.816181	0.030978	0.311545	-0.083400
TCGA-NH-A50V-01	0.578038	0.051505	0.465305	0.428492	0.366117	-0.388722	-0.217970
TCGA-NH-A6GA-01	-0.357060	-0.163338	0.831983	-0.147687	-0.575334	-0.655447	-0.096930
TCGA-F4-6460-01	0.570468	0.235653	0.380171	0.235137	0.830148	-0.603489	0.367355
TCGA-F4-6806-01	0.253641	0.102817	0.039547	-0.296190	0.044314	-0.549577	0.153564
TCGA-G4-6304-01	-1.469440	-0.393480	-1.015715	-0.266297	-1.302873	-0.182243	-0.783834
TCGA-QG-A5YW-01	-0.010213	0.051202	-0.330834	0.129160	0.014522	0.572137	0.142692
TCGA-AD-6965-01	-0.024432	-0.268868	-0.128154	-0.462116	-0.084692	0.573589	0.370908
TCGA-D5-6920-01	-0.068125	0.050063	0.518524	-0.021667	-0.086706	0.760144	0.305856
TCGA-DM-A280-01	0.022837	-1.615280	-0.389135	-0.773101	0.269866	0.967600	-0.109301
TCGA-G4-6297-01	1.291782	0.202041	0.719852	0.753267	1.217513	-0.036194	0.931109
TCGA-G4-6302-01	1.663570	0.461801	0.506054	0.621633	2.328176	-0.405325	0.253493
TCGA-QL-A97D-01	-1.065725	0.547452	0.454985	-0.180269	-1.134121	-0.570015	-0.252312
TCGA-CA-6716-01	0.267062	-1.449839	0.798439	-0.612134	0.246308	-0.104479	0.382609
TCGA-AA-3518-11	-0.488867	0.821324	-0.786172	0.292256	-0.214431	-0.422231	0.334322
TCGA-AA-3531-11	-0.610806	0.541423	-1.090682	0.495401	-0.594590	-0.377355	0.187604
TCGA-CA-6715-01	-0.214259	-1.127329	-0.019042	-1.083184	-0.013291	0.541961	0.321015
TCGA-CM-4743-01	-0.188013	0.081970	-0.177384	-0.183288	0.422015	0.814106	-0.854525
TCGA-A6-6654-01	1.447494	0.965480	0.900015	1.291400	1.445845	-0.052994	0.754456
TCGA-5M-AAT5-01	-0.718489	-0.724140	-0.520264	-0.952299	-0.635260	0.101683	0.393813
TCGA-G4-6627-01	0.693472	0.835286	0.621433	0.297439	0.877714	0.239826	0.864871
TCGA-A6-5664-01	0.903775	0.959134	0.567889	0.775146	1.247588	0.645357	0.553443
TCGA-CM-6167-01	1.562501	0.378510	1.074668	0.699005	1.926795	-1.582338	0.227630
TCGA-AA-3534-11	-0.337939	0.919371	-0.479176	0.539725	-0.426287	-0.847872	-0.037731
TCGA-AD-6548-01	0.569847	0.490478	-0.059535	0.353836	0.444058	1.483413	0.344006
TCGA-F4-6805-01	1.174705	0.245376	0.866605	0.926821	1.325851	0.354884	0.496405
TCGA-A6-6780-01	-0.621591	1.074534	-0.601967	1.061960	-0.724777	1.110466	-0.636890
TCGA-DM-A1HA-01	-1.943569	-0.557212	0.131845	-1.047188	-1.678151	-0.135293	-0.812851
TCGA-CM-6676-01	0.295478	-0.858502	0.243063	-0.516890	0.410739	0.023040	0.364152
TCGA-A6-6650-01	-0.573421	-0.946907	0.365425	-0.663245	-0.365275	0.247217	-0.277696
TCGA-AA-3713-11	-0.810570	0.942582	-0.827356	0.551110	-0.689395	-0.429601	-0.435302
TCGA-NH-A6GB-01	-0.340867	-0.136068	-0.365102	-0.640035	-0.295697	0.745918	-0.419202
TCGA-A6-6652-01	-0.619847	-1.024168	-0.436821	-1.303109	-0.672658	-1.106690	-0.190257
TCGA-CM-6164-01	-0.071983	0.188888	0.601922	-0.150510	0.072587	-0.161544	0.423453
TCGA-D5-6536-01	0.494140	-1.112778	-1.095220	-0.080976	0.510793	-0.153888	0.020583
TCGA-G4-6588-01	0.127746	-0.254577	-0.961568	-0.149660	0.147271	0.687187	-0.404813
TCGA-4N-A93T-01	-1.553568	-0.453085	-0.560094	-1.255095	-1.524570	-0.989426	-0.381759
TCGA-A6-2684-11	-0.997058	0.732163	-1.140558	0.367918	-1.175681	-0.278175	-0.076466
TCGA-F4-6459-01	0.933486	-0.011632	1.609591	0.627767	1.081512	0.133712	0.521243
TCGA-T9-A92H-01	-0.732674	-0.937939	0.064665	-0.929717	-0.706286	0.771530	-0.120791
TCGA-D5-5538-01	0.624698	0.549812	-0.061669	1.082843	0.450022	0.940080	0.409488
TCGA-CK-4948-01	0.856424	-0.013608	0.206729	0.052909	0.779419	0.435119	-0.052710
TCGA-AA-3506-01	0.241699	0.495154	-0.069117	0.378589	0.346165	0.539449	-0.141545
TCGA-CM-6166-01	-0.095701	-0.919140	0.218253	-0.997451	-0.043796	-0.278835	0.331813
TCGA-CK-5914-01	0.186997	0.134686	0.502279	-0.430429	-0.029891	0.270324	0.258234
TCGA-AY-6196-01	1.724981	1.744276	-0.096876	1.994568	1.798975	-0.786910	-0.561912
TCGA-F4-6809-01	0.563457	0.702682	0.379437	0.772213	0.681649	-0.597328	0.519525
TCGA-CM-6171-01	-0.144574	-0.323265	0.477982	-0.165456	-0.419475	-0.309049	0.214980
TCGA-CM-5863-01	0.668321	0.026364	0.179106	0.424187	0.748493	0.009043	0.353255
TCGA-D5-6539-01	-0.294987	-0.104974	0.213905	0.207058	-0.086162	0.266239	0.098991
TCGA-A6-5665-11	-0.521609	0.680718	-0.996091	0.078818	-0.477969	-0.522977	0.272730
TCGA-NH-A8F7-01	-1.172953	-2.063467	0.163464	-1.015488	-1.078077	-0.643266	-0.907825
TCGA-D5-5541-01	0.203609	0.432394	0.940398	0.769436	-0.142030	0.117528	0.605955
TCGA-F4-6808-01	-0.562296	-0.789857	-0.303328	-0.706955	-0.320944	0.043962	-0.435465
TCGA-A6-2680-11	-0.930327	0.846785	-1.289051	0.308416	-0.421268	-0.890023	0.201038
TCGA-AA-3511-11	-0.442029	1.083703	-1.069550	0.281632	-0.633481	-0.868077	-0.085623
TCGA-DM-A285-01	0.578399	-1.347508	-0.195454	-0.456369	0.693243	-0.313952	0.162842
TCGA-AA-3522-11	-0.565866	0.665005	-0.851129	0.280152	-0.770555	-0.556458	0.064177
TCGA-G4-6314-01	1.257686	-0.078374	0.503215	0.151879	1.591348	0.613431	0.733747
TCGA-A6-6781-01	1.810509	0.904150	-0.288517	1.156111	1.944316	0.354907	-0.241978
TCGA-F4-6807-01	1.010872	1.027050	0.990744	1.108108	1.028969	-0.246830	0.594764
TCGA-AY-A54L-01	-1.831652	-1.079523	-0.257616	-1.169158	-1.883789	0.464134	0.018912
TCGA-A6-5661-01	-0.173287	-0.191391	-0.252494	-0.315894	-0.385238	0.991413	0.107593
TCGA-DM-A288-01	-0.818191	-2.602787	-0.366471	-1.060436	-0.803683	0.455515	-0.537907
TCGA-QG-A5YX-01	-1.385062	-0.624806	-0.406747	-0.891663	-1.332888	0.152193	-0.191802
TCGA-A6-2679-11	-0.377261	1.916574	-0.938490	0.697725	-0.218009	-0.515409	-0.034461
TCGA-AD-A5EJ-01	0.089892	-0.632487	-0.567814	-0.757221	0.158319	1.342696	0.046563
TCGA-G4-6628-01	-0.207487	1.416225	0.452206	0.695186	-0.108042	-0.050824	-1.299908
TCGA-D5-6531-01	0.266857	0.416817	0.217014	0.697249	-0.142724	1.163632	0.041620
TCGA-DM-A28M-01	-1.176359	-1.085645	0.065456	-1.001857	-0.680561	0.358430	-0.529505
TCGA-CK-6751-01	0.645191	0.045383	0.037879	-0.103852	0.725848	0.555918	0.204035
TCGA-F4-6854-01	0.315295	0.171275	1.010674	0.098512	0.502064	-0.044733	-0.144230
TCGA-A6-2683-11	-0.551467	0.634315	-0.734837	0.127265	-0.850426	-0.410769	0.291793
TCGA-A6-6142-01	1.248289	-0.485421	0.223525	0.489112	1.291614	-0.345186	0.899327
TCGA-NH-A8F8-01	0.488529	-0.778348	0.043281	0.125927	0.614469	-0.015418	0.577590
TCGA-AM-5821-01	0.390799	0.639032	0.153362	0.160993	-0.256749	1.096732	-1.172766
TCGA-D5-5537-01	0.456302	-0.456368	0.202752	-0.108727	0.309967	-0.267615	0.843709
TCGA-CM-6677-01	0.489903	0.106425	0.517418	0.060746	0.351375	0.382912	0.003811
TCGA-AD-6888-01	-1.825752	-1.153322	-0.591670	-1.504533	-1.868029	1.005429	-0.814249
TCGA-AZ-4615-01	0.389416	1.257584	-0.550728	0.487833	0.022343	0.543839	0.240717
TCGA-AA-3662-01	0.164455	0.111331	0.053646	0.313457	-0.087767	-0.454500	-0.307904
TCGA-DM-A28C-01	-0.896408	-1.665782	-0.466703	-1.325496	-0.957619	-1.015144	-0.295824
TCGA-NH-A8F7-06	-1.765576	-3.081887	-0.584944	-1.408576	-1.326526	-0.052244	-0.322297
TCGA-DM-A1DA-01	-0.819363	-0.879920	-1.043852	-0.454240	-0.765614	0.081641	-0.776430
TCGA-F4-6569-01	1.849483	0.403918	0.422094	0.790088	1.739859	-0.452435	0.541551
TCGA-AA-3660-11	-0.649462	1.020180	-1.302485	0.413796	-0.920255	-0.766835	-0.352691
TCGA-CM-6674-01	0.642067	0.491790	-0.747259	0.127521	0.614430	-0.068876	-0.181465
TCGA-CK-4950-01	0.181479	0.599726	0.054794	0.223825	0.137873	0.684545	0.166277
TCGA-DM-A1D9-01	-0.370623	-1.211880	-0.097145	-0.768802	-0.556229	-0.538005	-0.163095
TCGA-CA-6719-01	0.759931	0.221639	1.653206	0.453139	0.810789	0.526145	0.560411
TCGA-CM-6675-01	0.057891	-0.577395	-0.910410	-0.296160	-0.110401	0.410463	-0.140255
TCGA-D5-6533-01	-0.105576	-0.265823	0.543487	0.019929	-0.044980	0.078630	0.076601
TCGA-A6-6782-01	0.895622	0.415661	0.404549	0.983916	0.996346	-0.103258	0.386022
TCGA-D5-5539-01	0.622418	-0.171009	0.714605	0.664865	0.374147	-0.515225	0.356925
TCGA-CK-5912-01	-0.365003	-1.015470	0.857976	-0.598027	-0.472056	-0.850660	0.464110
TCGA-CM-4751-01	0.225611	0.771982	0.450486	0.258873	0.327343	0.395813	0.285370
TCGA-AZ-4614-01	-1.119088	-0.133459	-0.964951	-1.070717	-0.829436	-0.171426	-0.788542
TCGA-A6-6140-01	-0.789159	-0.082161	0.648710	-0.680834	-0.584587	0.514078	0.100177
TCGA-NH-A6GC-01	0.862002	-0.788152	-0.450160	-0.369791	0.721581	-0.985853	0.095546
TCGA-AA-3495-01	-0.301158	0.367175	0.157640	-0.156467	-0.342902	0.660242	-0.060032
TCGA-CM-4744-01	-1.275097	0.735730	-0.225207	-0.140281	-1.338426	1.105871	-0.673319
TCGA-AD-6895-01	0.421454	0.603277	0.249699	0.066320	0.494777	0.439437	0.235758
TCGA-AD-6889-01	-0.371101	-0.728016	-0.811643	-0.710986	-0.340429	1.293324	0.453022
TCGA-AD-5900-01	0.373760	0.846370	-0.507849	0.255664	0.143676	0.398136	-0.364692
TCGA-D5-6540-01	0.411354	0.189704	-0.344369	-0.151038	0.541139	0.644192	-0.117430
TCGA-AZ-5407-01	-1.453466	0.525776	-0.278539	-0.358177	-1.247336	-0.118558	-0.403762
TCGA-A6-2685-11	-0.721734	1.039810	-0.772760	0.207414	-0.734151	-0.194211	0.071385
TCGA-G4-6311-01	0.888452	-0.061880	0.038267	0.438054	0.737318	0.316727	0.280879
TCGA-D5-6923-01	1.376730	-0.701928	1.331328	-0.010092	1.182118	0.663339	0.221430
TCGA-DM-A1D7-01	-0.435047	-0.559530	0.066773	-0.560801	-0.297968	0.139172	0.146286
TCGA-A6-5659-11	-0.649757	0.232149	-0.918331	0.187207	-0.549439	-0.548406	0.412777
TCGA-AY-A71X-01	-2.109820	-1.297016	-0.456419	-1.130463	-2.014446	-0.243642	-0.591408
TCGA-AZ-6600-11	-0.254596	0.393526	-0.144415	0.024794	0.011031	-0.353682	0.084503
TCGA-AA-3655-11	-0.632584	1.336724	-1.333419	0.672760	-0.483576	-1.010084	-0.347096
TCGA-CA-5254-01	0.380726	-0.520313	-0.375598	-0.461571	0.172841	0.104635	0.254848
TCGA-CM-5349-01	0.649105	-0.163558	0.176881	0.663581	0.913368	0.056656	0.379451
TCGA-A6-2686-11	-0.396745	0.351731	-0.380055	0.533286	-0.315555	-0.462278	0.282420
TCGA-AZ-4682-01	-0.467769	-0.781789	-0.012665	-0.624951	-0.453779	0.531174	-0.276247
TCGA-CM-5344-01	1.010990	-0.608811	-0.233515	-0.316917	1.196064	-0.252448	0.463463
TCGA-NH-A50T-01	-0.473180	-1.553108	-0.157072	-1.069420	-0.378573	0.694478	-0.591407
TCGA-AY-6386-01	-0.550077	-0.043255	0.186150	-0.110841	-0.627931	0.967332	0.343657
TCGA-CA-5255-01	-0.946441	-0.945425	-0.634263	-0.853896	-1.129094	0.578472	-0.212205
TCGA-AA-3662-11	-0.426924	1.005670	-0.676350	0.620809	-0.661518	-1.289347	-0.059237
TCGA-DM-A1DB-01	-1.507396	0.377653	-0.825962	-1.009854	-1.137955	0.026037	-0.453711
TCGA-DM-A28F-01	-0.469856	-0.461229	-0.400162	-0.980759	-0.564854	0.144683	-0.074020
TCGA-AA-A02Y-01	-2.343144	0.109707	-0.811467	-0.302669	-2.688268	0.200090	-1.019523
TCGA-D5-6932-01	0.485298	-0.275844	-0.006098	0.308414	0.670027	0.335036	0.362831
TCGA-AD-6899-01	0.969540	0.588745	0.487255	0.684293	0.931032	0.282818	0.453389
TCGA-AY-6197-01	-0.600907	-0.330800	0.460100	-0.507080	-0.607284	0.772566	0.070642
TCGA-AA-3660-01	0.010608	-0.359394	-0.334960	-0.157901	-0.136884	0.221063	-0.320885
TCGA-A6-5660-01	0.417683	-0.745859	0.550962	0.141746	0.328602	-0.043266	0.171774
TCGA-D5-6541-01	1.197970	0.498912	0.421460	0.719407	0.915255	-0.212203	0.401006
TCGA-CM-4747-01	0.130860	-0.615944	0.591149	-0.085402	-0.009352	0.001429	0.700808
TCGA-AA-3511-01	0.754798	-0.424351	0.840028	0.174440	0.693475	-0.244851	-0.213045
TCGA-DM-A28H-01	-0.713303	-0.900290	-0.305091	-0.909142	-0.625151	0.398198	-0.563201
TCGA-G4-6303-01	0.264567	-0.092506	0.957493	0.157332	0.079657	0.146872	0.498375
TCGA-CM-5861-01	-0.532357	-0.365082	-1.345780	-0.568717	-0.255207	-0.241131	-0.545655
TCGA-AA-3525-11	-0.991316	1.690775	-1.199802	0.659305	-1.252361	-0.532355	-0.281221
TCGA-CM-6161-01	0.001872	0.547486	0.173579	0.306663	-0.159227	-0.285032	0.006585
TCGA-NH-A50U-01	0.076180	-1.316405	0.026534	-0.159160	0.220980	-0.270361	-0.400704
TCGA-AZ-6607-01	1.931517	0.327111	1.584299	0.631191	1.506573	-0.003868	-0.284146
TCGA-G4-6298-01	0.424063	-1.384773	-0.238089	-1.088668	0.398013	-0.007406	0.078413
TCGA-D5-6538-01	-0.669541	-1.426407	0.253826	-0.520585	-0.445082	-0.227661	0.190224
TCGA-CM-6679-01	1.093439	0.076868	0.610942	0.216454	1.015344	-1.126222	0.902058
TCGA-AZ-4323-01	0.724063	1.984848	-0.394529	0.426196	0.933052	-1.087028	-1.019839
TCGA-G4-6322-01	-0.284344	-0.326317	-0.254809	-0.523092	0.118794	0.403035	0.577988
TCGA-CM-5864-01	-0.695896	-0.154603	0.166320	-0.331326	-0.706112	-0.223975	-0.226872
TCGA-CK-6747-01	-0.181271	-0.274668	-0.059923	0.000895	0.049741	0.952596	0.251080
TCGA-CM-6163-01	0.319251	0.674736	1.150288	0.023652	-0.338640	-1.087799	-0.292462
TCGA-AA-3713-01	-0.226032	0.620210	0.348115	0.078496	-0.398476	-0.082648	-0.180504
TCGA-A6-A56B-01	0.637530	-1.560416	0.452538	-0.609049	0.650250	0.040946	0.135221
TCGA-CM-5348-01	1.062867	-0.252099	1.321272	1.165645	0.888843	-1.122928	-0.080413
TCGA-AY-5543-01	-1.123154	0.107401	0.084373	-0.058479	-1.060585	0.854298	0.310608
TCGA-CM-6169-01	0.902213	0.955239	1.109140	1.063965	0.755597	-0.529370	0.710326
TCGA-AZ-6606-01	-0.958686	-0.806458	-0.554634	-1.011475	-0.833036	0.143842	-0.633688
TCGA-RU-A8FL-01	-2.249909	-1.646900	-0.458500	-1.879803	-2.192209	-0.446482	-0.907035
TCGA-CM-6678-01	-0.077525	-0.878647	0.419790	-0.584029	-0.076148	0.254624	0.192646
TCGA-A6-6649-01	0.261143	0.358100	0.618724	0.147517	0.357323	-0.520991	-0.011478
TCGA-AA-3517-11	-0.516032	1.335016	-0.828405	0.400399	-0.626812	-0.470528	0.073240
TCGA-AA-3675-01	0.078625	-0.356191	-0.309542	-0.259498	-0.157730	0.194410	-0.422595
TCGA-A6-5665-01	-1.076306	0.483852	-0.540631	-0.481084	-1.298923	1.161177	-0.589805
TCGA-DM-A0XF-01	0.022612	-0.533689	-0.204877	-0.435543	-0.196917	0.418194	0.237027
TCGA-F4-6855-01	1.482533	-0.582592	0.922574	0.470070	1.488768	-0.821629	0.624556
TCGA-AA-3496-11	0.437393	0.659144	-0.580705	0.924098	0.943691	-0.929547	-0.016981
TCGA-QG-A5Z2-01	-1.257209	0.874341	-0.147017	-0.402526	-1.590256	-0.095037	-0.068823
TCGA-AA-3489-01	1.467665	1.101682	1.208389	1.182159	1.384394	-0.517583	0.498692
TCGA-A6-5662-01	0.007519	-1.113196	0.346674	-0.273558	0.043091	-0.900845	0.047007
TCGA-DM-A1D6-01	-0.891131	-1.619014	-0.375234	-1.008463	-1.236389	-0.395680	-0.476219
TCGA-AY-A69D-01	-0.082977	-0.515759	0.332724	-0.523438	-0.123295	0.169935	0.062701
TCGA-D5-6898-01	0.395593	0.112768	1.258496	0.663213	0.207740	0.179899	0.350760
TCGA-D5-6530-01	-0.257686	0.668642	-0.523448	0.271248	-0.739446	-0.564432	-0.331086
TCGA-DM-A28A-01	0.550468	-0.680454	-0.638916	-0.270654	0.381521	0.181524	0.290013
TCGA-D5-6532-01	-0.374404	-1.018168	-0.334048	-0.774829	-0.501646	0.218839	-0.228181
TCGA-F4-6703-01	2.013257	1.291999	0.094837	1.699436	1.956895	0.458194	-0.102303
TCGA-DM-A1D0-01	-1.549654	-2.184579	-1.324074	-1.353255	-1.451470	-0.227675	-0.744481
TCGA-D5-6929-01	0.982676	0.068550	-0.238486	0.055373	0.989661	0.296368	0.636466
TCGA-F4-6704-01	1.440759	0.375012	0.678861	0.669769	1.563848	-0.918394	-0.278880
TCGA-D5-7000-01	0.504234	0.059631	0.895782	0.072892	0.398029	0.730674	0.192239
TCGA-AZ-6601-01	0.358594	0.774758	-0.151556	0.967109	0.380291	0.532484	-0.014696
TCGA-AZ-4684-01	0.513016	0.264752	0.812010	0.058287	0.337835	0.319289	0.166152
TCGA-G4-6317-02	-0.194258	-2.750832	-0.812874	-0.823010	-0.069400	-0.923294	0.030269
TCGA-AA-3697-11	-0.018691	0.878775	-0.306770	0.973414	0.009217	0.481206	0.306608
TCGA-CM-6165-01	0.558429	0.061761	1.089469	0.601760	0.272598	-0.714408	0.034428
TCGA-AZ-5403-01	0.674415	-0.536103	0.654986	-0.039776	0.608075	0.112601	0.256404
TCGA-AY-A8YK-01	-0.505688	-0.888418	0.126214	-0.606143	-0.447149	0.264220	-0.169821
TCGA-AZ-6603-11	0.559369	0.794903	-0.062950	1.366583	1.026008	-0.843941	0.091298
TCGA-A6-6653-01	0.221398	-0.551460	0.321749	0.147736	0.168544	1.714893	0.279609
TCGA-G4-6586-01	-1.314981	0.822034	-1.593842	-0.557026	-1.262271	0.855404	-0.904089
TCGA-AA-A01P-01	0.822382	1.493762	0.803509	0.773421	0.952529	0.111405	-0.389988
TCGA-AA-3502-01	-1.836166	0.501386	-0.330431	0.200968	-2.202105	-0.295748	-0.633839
TCGA-AA-3697-01	-0.423711	0.121869	0.785221	0.105114	-0.422650	0.726970	-0.098331
TCGA-AD-6890-01	0.203836	0.011516	-0.394147	-0.344710	0.209349	0.563034	0.384638
TCGA-AZ-4315-01	0.041886	0.192821	-0.697683	0.301632	-0.140673	1.002530	-0.553118
TCGA-A6-5667-01	0.127272	-0.343616	0.891689	-0.106551	0.171131	0.535073	0.367427
TCGA-G4-6293-01	-0.253419	0.437145	0.384116	-0.023292	-0.145577	0.246873	0.210213
TCGA-AA-3712-01	0.757161	-0.238098	1.139996	-0.086699	0.783818	0.587458	0.339678
TCGA-AZ-4616-01	0.096615	0.520059	-0.233810	-0.128960	0.115435	0.621690	0.151270
TCGA-AA-A02K-01	-0.572164	-1.316663	-0.568423	-0.850323	-0.971429	0.019847	-0.643092
TCGA-G4-6323-01	-1.524601	0.705656	-0.282889	-0.558891	-1.543352	-0.487353	-0.200049
TCGA-F4-6857-01	0.917673	1.566206	0.748530	0.900137	0.942689	-0.096945	0.554066
TCGA-DM-A282-01	0.138519	-0.974477	-0.297182	-0.753734	0.122702	-1.031257	0.371167
TCGA-DM-A1D8-01	-0.659017	-0.681560	-0.288265	-0.883005	-0.954720	-1.232050	-0.569680
TCGA-NH-A5IV-01	-0.154150	0.643447	-0.390611	0.389436	0.093319	-0.867090	-0.517512
TCGA-AZ-6601-11	0.083027	0.767448	-0.408328	0.262948	0.652484	-0.739870	0.046656
TCGA-AD-6901-01	1.041468	0.299643	0.169809	0.873982	1.051735	-0.143671	0.735415
TCGA-CK-6748-01	1.165993	-0.532298	0.903430	0.731388	1.275142	0.040070	1.165671
TCGA-A6-6141-01	-0.141942	1.016286	-0.829050	0.089695	-0.290573	-0.134703	0.202453
TCGA-3L-AA1B-01	0.053168	0.216737	0.902019	-0.025427	0.021012	-0.655410	0.431555
TCGA-AA-3496-01	0.659359	0.505172	0.532510	0.837856	0.551792	-0.392796	0.348717
TCGA-A6-2678-11	-0.219267	0.668156	-0.338543	0.292170	-0.276134	-0.674606	0.132955
TCGA-CM-6170-01	0.393462	-0.057786	0.929854	0.006447	0.003957	-0.262497	0.763787
TCGA-AU-3779-01	0.353816	0.543746	0.397172	0.436154	0.025150	-0.071168	0.539977
TCGA-G4-6315-01	-1.062183	-0.819529	-0.176943	-1.265845	-0.799525	0.219795	-0.190952
TCGA-G4-6310-01	0.225594	-1.703072	0.455067	-1.162578	0.977531	-0.916601	0.743642
TCGA-5M-AATA-01	0.051292	-0.030982	0.088599	-0.429434	0.498306	0.063535	-0.169861
TCGA-A6-5659-01	-0.064473	-0.813486	1.423587	-0.255990	-0.041115	0.683906	0.497830
TCGA-D5-6537-01	-0.878447	-0.289679	0.712953	-0.844589	-0.906388	1.371649	-0.246320
TCGA-AA-3663-01	-0.676621	-0.356730	-0.538917	-0.171462	-0.614512	0.999722	-0.597340
TCGA-D5-6529-01	1.091605	0.773895	0.732604	0.865210	0.894945	0.723083	0.428080
TCGA-AA-3514-11	-0.986932	1.183606	-0.924006	0.435154	-0.964654	0.163707	-0.102056
TCGA-D5-6927-01	0.629673	0.712020	0.081424	0.380041	0.452222	0.856996	0.054702
TCGA-AA-3520-11	-0.612230	1.055703	-0.576330	0.475862	-0.579972	-0.344427	0.294506
TCGA-A6-A565-01	0.613237	1.380251	-0.021417	0.407377	0.742966	-0.131292	0.444520
TCGA-A6-2675-01	0.989977	-0.015190	0.715510	0.815302	0.777137	-0.036004	0.576556
TCGA-G4-6306-01	-2.043492	-0.098107	-0.349060	-1.225750	-2.231821	0.324584	-0.240173
TCGA-G4-6320-01	-0.958181	-0.424802	-1.341929	-0.834403	-1.237939	-0.833848	-0.218373
TCGA-DM-A28K-01	-0.447240	-1.124283	-1.012275	-0.741866	-0.202103	0.078061	-0.722572
TCGA-A6-2671-11	-0.316988	0.614013	-1.118892	0.138644	0.028900	-0.441077	0.392758
TCGA-AZ-6600-01	0.923533	0.262457	0.067017	0.523978	1.113430	-0.002665	-0.012942
TCGA-D5-6926-01	1.280256	-0.139176	0.223856	0.353197	1.179615	0.129145	0.603562
TCGA-AD-6964-01	1.166337	1.501633	-0.062222	1.279051	1.057125	-0.227557	-0.365076
TCGA-A6-2686-01	0.134439	1.432895	-0.057441	1.277693	-0.206983	0.325774	-0.349197
TCGA-AZ-6608-01	-1.809020	-1.470774	-0.854249	-1.685920	-1.498213	0.842068	-0.523155
TCGA-5M-AATE-01	-0.405397	-0.529355	0.065297	-0.512419	-0.401502	-0.294719	0.044619
TCGA-CK-5915-01	-0.800603	-1.956249	0.536968	-1.420970	-0.762762	0.236546	-0.051220
TCGA-D5-6922-01	0.735984	-0.086507	1.205585	0.229699	0.670661	-0.359283	0.219970
TCGA-G4-6321-01	-1.713113	0.702307	-0.306745	-0.485971	-1.810745	-0.346910	0.188554
TCGA-A6-A5ZU-01	0.848032	0.122541	0.316689	0.638869	0.660796	-0.691185	0.349736
TCGA-F4-6463-01	0.686710	0.250747	0.131522	-0.014773	0.696015	-0.407007	0.360116
TCGA-AA-3526-01	0.122160	0.732949	0.058872	0.081781	-0.042841	0.702993	-0.215518
TCGA-AA-3527-11	-0.502920	0.777267	-0.535046	0.560224	-0.257773	-0.373843	0.079503
TCGA-F4-6570-01	1.081275	1.012177	-0.432706	1.037253	1.140093	-0.333255	-0.013345
TCGA-G4-6317-01	-1.177861	-0.853409	-0.319241	-1.865355	-1.371010	-0.354596	-0.490865
TCGA-SS-A7HO-01	-0.463125	-0.792300	-0.476048	-1.114214	-0.514166	-0.787006	-0.098220
TCGA-4T-AA8H-01	-1.652223	-1.134990	-0.853263	-1.836557	-1.490468	0.011084	-0.623300
TCGA-CM-6162-01	1.527454	0.949221	0.366274	1.091583	1.471019	-0.023313	0.646852
TCGA-AA-3489-11	-0.297589	1.100681	-0.477114	1.342974	0.070704	-0.238993	-0.371738
TCGA-DM-A1D4-01	-1.382959	-0.428682	-0.278448	-0.952149	-1.322204	-0.265801	-0.286058
TCGA-QG-A5YV-01	-0.659476	-0.393586	-0.202474	-0.287528	-0.670845	-0.008288	0.012029
TCGA-CA-5796-01	-1.096375	-0.100643	0.280755	-0.076648	-1.293549	-0.218400	-0.285857
TCGA-G4-6626-01	-0.614581	-0.661697	0.003069	-1.203397	-0.417798	0.683123	-0.522672
